"Time","H.team.1","A.team.1","H.team.2","A.team.2","Choose.1","Choose.2","Odd.1","Odd.2","joint.odds","result.mat","opt.proportion"
"2002-06-01","Germany","Saudi Arabia","Ireland","Cameroon","D","H",4.82,3.33,16.0506,0,0.004
"2002-06-01","Germany","Saudi Arabia","Ireland","Cameroon","A","H",9.05,3.33,30.1365,0,0.018
"2002-06-01","Germany","Saudi Arabia","Ireland","Cameroon","D","D",4.82,2.95,14.219,0,0.002
"2002-06-01","Germany","Saudi Arabia","Ireland","Cameroon","A","D",9.05,2.95,26.6975,0,0.014
"2002-06-01","Germany","Saudi Arabia","Ireland","Cameroon","D","A",4.82,2.3,11.086,0,0
"2002-06-01","Germany","Saudi Arabia","Ireland","Cameroon","A","A",9.05,2.3,20.815,0,0.009
"2002-06-01","Germany","Saudi Arabia","Uruguay","Denmark","D","H",4.82,2.63,12.6766,0,0.001
"2002-06-01","Germany","Saudi Arabia","Uruguay","Denmark","A","H",9.05,2.63,23.8015,0,0.012
"2002-06-01","Germany","Saudi Arabia","Uruguay","Denmark","D","D",4.82,2.73,13.1586,0,0.001
"2002-06-01","Germany","Saudi Arabia","Uruguay","Denmark","A","D",9.05,2.73,24.7065,0,0.012
"2002-06-01","Germany","Saudi Arabia","Uruguay","Denmark","D","A",4.82,3.03,14.6046,0,0.003
"2002-06-01","Germany","Saudi Arabia","Uruguay","Denmark","A","A",9.05,3.03,27.4215,0,0.014
"2002-06-01","Ireland","Cameroon","Uruguay","Denmark","H","H",3.33,2.63,8.7579,0,0
"2002-06-01","Ireland","Cameroon","Uruguay","Denmark","H","D",3.33,2.73,9.0909,1,0
"2002-06-01","Ireland","Cameroon","Uruguay","Denmark","H","A",3.33,3.03,10.0899,0,0
"2002-06-01","Ireland","Cameroon","Uruguay","Denmark","D","A",2.95,3.03,8.9385,0,0
"2002-06-02","Argentina","Nigeria","England","Sweden","A","H",5.58,1.93,10.7694,0,0
"2002-06-02","Argentina","Nigeria","England","Sweden","D","D",3.58,3.17,11.3486,0,0
"2002-06-02","Argentina","Nigeria","England","Sweden","A","D",5.58,3.17,17.6886,0,0.005
"2002-06-02","Argentina","Nigeria","England","Sweden","D","A",3.58,4.29,15.3582,0,0.003
"2002-06-02","Argentina","Nigeria","England","Sweden","A","A",5.58,4.29,23.9382,0,0.012
"2002-06-02","Argentina","Nigeria","Paraguay","South Africa","A","H",5.58,2.01,11.2158,0,0
"2002-06-02","Argentina","Nigeria","Paraguay","South Africa","D","D",3.58,3.18,11.3844,0,0
"2002-06-02","Argentina","Nigeria","Paraguay","South Africa","A","D",5.58,3.18,17.7444,0,0.006
"2002-06-02","Argentina","Nigeria","Paraguay","South Africa","D","A",3.58,4.08,14.6064,0,0.003
"2002-06-02","Argentina","Nigeria","Paraguay","South Africa","A","A",5.58,4.08,22.7664,0,0.012
"2002-06-02","Argentina","Nigeria","Spain","Slovenia","D","D",3.58,4.06,14.5348,0,0.003
"2002-06-02","Argentina","Nigeria","Spain","Slovenia","A","D",5.58,4.06,22.6548,0,0.012
"2002-06-02","Argentina","Nigeria","Spain","Slovenia","H","A",1.65,7.76,12.804,0,0.001
"2002-06-02","Argentina","Nigeria","Spain","Slovenia","D","A",3.58,7.76,27.7808,0,0.014
"2002-06-02","Argentina","Nigeria","Spain","Slovenia","A","A",5.58,7.76,43.3008,0,0.024
"2002-06-02","England","Sweden","Paraguay","South Africa","A","H",4.29,2.01,8.6229,0,0
"2002-06-02","England","Sweden","Paraguay","South Africa","D","D",3.17,3.18,10.0806,0,0
"2002-06-02","England","Sweden","Paraguay","South Africa","A","D",4.29,3.18,13.6422,0,0.002
"2002-06-02","England","Sweden","Paraguay","South Africa","D","A",3.17,4.08,12.9336,0,0.001
"2002-06-02","England","Sweden","Paraguay","South Africa","A","A",4.29,4.08,17.5032,0,0.005
"2002-06-02","England","Sweden","Spain","Slovenia","D","D",3.17,4.06,12.8702,0,0.001
"2002-06-02","England","Sweden","Spain","Slovenia","A","D",4.29,4.06,17.4174,0,0.005
"2002-06-02","England","Sweden","Spain","Slovenia","H","A",1.93,7.76,14.9768,0,0.003
"2002-06-02","England","Sweden","Spain","Slovenia","D","A",3.17,7.76,24.5992,0,0.012
"2002-06-02","England","Sweden","Spain","Slovenia","A","A",4.29,7.76,33.2904,0,0.018
"2002-06-02","Paraguay","South Africa","Spain","Slovenia","H","D",2.01,4.06,8.1606,1,0
"2002-06-02","Paraguay","South Africa","Spain","Slovenia","D","D",3.18,4.06,12.9108,0,0.001
"2002-06-02","Paraguay","South Africa","Spain","Slovenia","A","D",4.08,4.06,16.5648,0,0.005
"2002-06-02","Paraguay","South Africa","Spain","Slovenia","H","A",2.01,7.76,15.5976,0,0.003
"2002-06-02","Paraguay","South Africa","Spain","Slovenia","D","A",3.18,7.76,24.6768,0,0.012
"2002-06-02","Paraguay","South Africa","Spain","Slovenia","A","A",4.08,7.76,31.6608,0,0.018
"2002-06-03","Croatia","Mexico","Italy","Ecuador","H","D",2.34,4.22,9.8748,0,0
"2002-06-03","Croatia","Mexico","Italy","Ecuador","D","D",2.93,4.22,12.3646,0,0
"2002-06-03","Croatia","Mexico","Italy","Ecuador","A","D",3.35,4.22,14.137,0,0.002
"2002-06-03","Croatia","Mexico","Italy","Ecuador","H","A",2.34,8.22,19.2348,0,0.008
"2002-06-03","Croatia","Mexico","Italy","Ecuador","D","A",2.93,8.22,24.0846,0,0.012
"2002-06-03","Croatia","Mexico","Italy","Ecuador","A","A",3.35,8.22,27.537,0,0.014
"2002-06-03","Croatia","Mexico","Brazil","Turkey","H","D",2.34,4.16,9.7344,0,0
"2002-06-03","Croatia","Mexico","Brazil","Turkey","D","D",2.93,4.16,12.1888,0,0
"2002-06-03","Croatia","Mexico","Brazil","Turkey","A","D",3.35,4.16,13.936,0,0.002
"2002-06-03","Croatia","Mexico","Brazil","Turkey","H","A",2.34,7.7,18.018,0,0.006
"2002-06-03","Croatia","Mexico","Brazil","Turkey","D","A",2.93,7.7,22.561,0,0.012
"2002-06-03","Croatia","Mexico","Brazil","Turkey","A","A",3.35,7.7,25.795,0,0.014
"2002-06-03","Italy","Ecuador","Brazil","Turkey","A","H",8.22,1.44,11.8368,1,0
"2002-06-03","Italy","Ecuador","Brazil","Turkey","D","D",4.22,4.16,17.5552,0,0.005
"2002-06-03","Italy","Ecuador","Brazil","Turkey","A","D",8.22,4.16,34.1952,0,0.018
"2002-06-03","Italy","Ecuador","Brazil","Turkey","H","A",1.38,7.7,10.626,0,0
"2002-06-03","Italy","Ecuador","Brazil","Turkey","D","A",4.22,7.7,32.494,0,0.018
"2002-06-03","Italy","Ecuador","Brazil","Turkey","A","A",8.22,7.7,63.294,0,0.024
"2002-06-04","Japan","Belgium","South Korea","Poland","D","D",2.94,2.95,8.673,0,0
"2002-06-04","Japan","Belgium","South Korea","Poland","A","D",2.9,2.95,8.555,0,0
"2002-06-04","Japan","Belgium","South Korea","Poland","D","A",2.94,2.93,8.6142,0,0
"2002-06-04","Japan","Belgium","South Korea","Poland","A","A",2.9,2.93,8.497,0,0
"2002-06-04","Japan","Belgium","China","Costa Rica","H","H",2.58,3.4,8.772,0,0
"2002-06-04","Japan","Belgium","China","Costa Rica","D","H",2.94,3.4,9.996,1,0
"2002-06-04","Japan","Belgium","China","Costa Rica","A","H",2.9,3.4,9.86,0,0
"2002-06-04","Japan","Belgium","China","Costa Rica","D","D",2.94,3.04,8.9376,0,0
"2002-06-04","Japan","Belgium","China","Costa Rica","A","D",2.9,3.04,8.816,0,0
"2002-06-04","South Korea","Poland","China","Costa Rica","H","H",2.57,3.4,8.738,0,0
"2002-06-04","South Korea","Poland","China","Costa Rica","D","H",2.95,3.4,10.03,1,0
"2002-06-04","South Korea","Poland","China","Costa Rica","A","H",2.93,3.4,9.962,0,0
"2002-06-04","South Korea","Poland","China","Costa Rica","D","D",2.95,3.04,8.968,0,0
"2002-06-04","South Korea","Poland","China","Costa Rica","A","D",2.93,3.04,8.9072,0,0
"2002-06-05","Russia","Tunisia","Germany","Ireland","A","H",6.12,1.62,9.9144,0,0
"2002-06-05","Russia","Tunisia","Germany","Ireland","D","D",3.7,3.56,13.172,0,0.001
"2002-06-05","Russia","Tunisia","Germany","Ireland","A","D",6.12,3.56,21.7872,0,0.01
"2002-06-05","Russia","Tunisia","Germany","Ireland","H","A",1.56,5.67,8.8452,0,0
"2002-06-05","Russia","Tunisia","Germany","Ireland","D","A",3.7,5.67,20.979,0,0.009
"2002-06-05","Russia","Tunisia","Germany","Ireland","A","A",6.12,5.67,34.7004,0,0.018
"2002-06-05","Russia","Tunisia","USA","Portugal","H","H",1.56,7.67,11.9652,0,0
"2002-06-05","Russia","Tunisia","USA","Portugal","D","H",3.7,7.67,28.379,0,0.014
"2002-06-05","Russia","Tunisia","USA","Portugal","A","H",6.12,7.67,46.9404,0,0.024
"2002-06-05","Russia","Tunisia","USA","Portugal","D","D",3.7,4.3,15.91,0,0.004
"2002-06-05","Russia","Tunisia","USA","Portugal","A","D",6.12,4.3,26.316,0,0.014
"2002-06-05","Russia","Tunisia","USA","Portugal","A","A",6.12,1.4,8.568,0,0
"2002-06-05","Germany","Ireland","USA","Portugal","H","H",1.62,7.67,12.4254,0,0
"2002-06-05","Germany","Ireland","USA","Portugal","D","H",3.56,7.67,27.3052,0,0.014
"2002-06-05","Germany","Ireland","USA","Portugal","A","H",5.67,7.67,43.4889,0,0.024
"2002-06-05","Germany","Ireland","USA","Portugal","D","D",3.56,4.3,15.308,0,0.003
"2002-06-05","Germany","Ireland","USA","Portugal","A","D",5.67,4.3,24.381,0,0.012
"2002-06-06","Cameroon","Saudi Arabia","Denmark","Senegal","D","H",4.9,2.24,10.976,0,0
"2002-06-06","Cameroon","Saudi Arabia","Denmark","Senegal","A","H",8.71,2.24,19.5104,0,0.008
"2002-06-06","Cameroon","Saudi Arabia","Denmark","Senegal","D","D",4.9,2.96,14.504,0,0.003
"2002-06-06","Cameroon","Saudi Arabia","Denmark","Senegal","A","D",8.71,2.96,25.7816,0,0.014
"2002-06-06","Cameroon","Saudi Arabia","Denmark","Senegal","D","A",4.9,3.53,17.297,0,0.005
"2002-06-06","Cameroon","Saudi Arabia","Denmark","Senegal","A","A",8.71,3.53,30.7463,0,0.018
"2002-06-06","Cameroon","Saudi Arabia","France","Uruguay","A","H",8.71,1.49,12.9779,0,0.001
"2002-06-06","Cameroon","Saudi Arabia","France","Uruguay","D","D",4.9,3.88,19.012,0,0.008
"2002-06-06","Cameroon","Saudi Arabia","France","Uruguay","A","D",8.71,3.88,33.7948,0,0.018
"2002-06-06","Cameroon","Saudi Arabia","France","Uruguay","H","A",1.31,7.02,9.1962,0,0
"2002-06-06","Cameroon","Saudi Arabia","France","Uruguay","D","A",4.9,7.02,34.398,0,0.018
"2002-06-06","Cameroon","Saudi Arabia","France","Uruguay","A","A",8.71,7.02,61.1442,0,0.024
"2002-06-06","Denmark","Senegal","France","Uruguay","H","D",2.24,3.88,8.6912,1,0
"2002-06-06","Denmark","Senegal","France","Uruguay","D","D",2.96,3.88,11.4848,0,0
"2002-06-06","Denmark","Senegal","France","Uruguay","A","D",3.53,3.88,13.6964,0,0.002
"2002-06-06","Denmark","Senegal","France","Uruguay","H","A",2.24,7.02,15.7248,0,0.004
"2002-06-06","Denmark","Senegal","France","Uruguay","D","A",2.96,7.02,20.7792,0,0.009
"2002-06-06","Denmark","Senegal","France","Uruguay","A","A",3.53,7.02,24.7806,0,0.012
"2002-06-07","Argentina","England","Sweden","Nigeria","A","H",3.89,2.65,10.3085,1,0
"2002-06-07","Argentina","England","Sweden","Nigeria","D","D",2.93,2.94,8.6142,0,0
"2002-06-07","Argentina","England","Sweden","Nigeria","A","D",3.89,2.94,11.4366,0,0
"2002-06-07","Argentina","England","Sweden","Nigeria","D","A",2.93,2.83,8.2919,0,0
"2002-06-07","Argentina","England","Sweden","Nigeria","A","A",3.89,2.83,11.0087,0,0
"2002-06-07","Argentina","England","Spain","Paraguay","D","D",2.93,3.48,10.1964,0,0
"2002-06-07","Argentina","England","Spain","Paraguay","A","D",3.89,3.48,13.5372,0,0.002
"2002-06-07","Argentina","England","Spain","Paraguay","H","A",2.12,6.09,12.9108,0,0.001
"2002-06-07","Argentina","England","Spain","Paraguay","D","A",2.93,6.09,17.8437,0,0.006
"2002-06-07","Argentina","England","Spain","Paraguay","A","A",3.89,6.09,23.6901,0,0.012
"2002-06-07","Sweden","Nigeria","Spain","Paraguay","H","D",2.65,3.48,9.222,0,0
"2002-06-07","Sweden","Nigeria","Spain","Paraguay","D","D",2.94,3.48,10.2312,0,0
"2002-06-07","Sweden","Nigeria","Spain","Paraguay","A","D",2.83,3.48,9.8484,0,0
"2002-06-07","Sweden","Nigeria","Spain","Paraguay","H","A",2.65,6.09,16.1385,0,0.004
"2002-06-07","Sweden","Nigeria","Spain","Paraguay","D","A",2.94,6.09,17.9046,0,0.006
"2002-06-07","Sweden","Nigeria","Spain","Paraguay","A","A",2.83,6.09,17.2347,0,0.005
"2002-06-08","Italy","Croatia","Brazil","China","H","D",1.6,6.78,10.848,0,0
"2002-06-08","Italy","Croatia","Brazil","China","D","D",3.53,6.78,23.9334,0,0.012
"2002-06-08","Italy","Croatia","Brazil","China","A","D",5.98,6.78,40.5444,0,0.018
"2002-06-08","Italy","Croatia","Brazil","China","H","A",1.6,9.99,15.984,0,0.004
"2002-06-08","Italy","Croatia","Brazil","China","D","A",3.53,9.99,35.2647,0,0.018
"2002-06-08","Italy","Croatia","Brazil","China","A","A",5.98,9.99,59.7402,0,0.024
"2002-06-08","Italy","Croatia","South Africa","Slovenia","D","H",3.53,3.18,11.2254,0,0
"2002-06-08","Italy","Croatia","South Africa","Slovenia","A","H",5.98,3.18,19.0164,1,0.008
"2002-06-08","Italy","Croatia","South Africa","Slovenia","D","D",3.53,2.99,10.5547,0,0
"2002-06-08","Italy","Croatia","South Africa","Slovenia","A","D",5.98,2.99,17.8802,0,0.006
"2002-06-08","Italy","Croatia","South Africa","Slovenia","D","A",3.53,2.4,8.472,0,0
"2002-06-08","Italy","Croatia","South Africa","Slovenia","A","A",5.98,2.4,14.352,0,0.002
"2002-06-08","Brazil","China","South Africa","Slovenia","D","H",6.78,3.18,21.5604,0,0.01
"2002-06-08","Brazil","China","South Africa","Slovenia","A","H",9.99,3.18,31.7682,1,0.018
"2002-06-08","Brazil","China","South Africa","Slovenia","D","D",6.78,2.99,20.2722,0,0.009
"2002-06-08","Brazil","China","South Africa","Slovenia","A","D",9.99,2.99,29.8701,0,0.018
"2002-06-08","Brazil","China","South Africa","Slovenia","D","A",6.78,2.4,16.272,0,0.004
"2002-06-08","Brazil","China","South Africa","Slovenia","A","A",9.99,2.4,23.976,0,0.012
"2002-06-09","Japan","Russia","Mexico","Ecuador","H","D",2.95,3.03,8.9385,0,0
"2002-06-09","Japan","Russia","Mexico","Ecuador","D","D",2.89,3.03,8.7567,0,0
"2002-06-09","Japan","Russia","Mexico","Ecuador","H","A",2.95,3.92,11.564,0,0
"2002-06-09","Japan","Russia","Mexico","Ecuador","D","A",2.89,3.92,11.3288,0,0
"2002-06-09","Japan","Russia","Mexico","Ecuador","A","A",2.66,3.92,10.4272,0,0
"2002-06-09","Japan","Russia","Costa Rica","Turkey","H","H",2.95,4.18,12.331,1,0
"2002-06-09","Japan","Russia","Costa Rica","Turkey","D","H",2.89,4.18,12.0802,0,0
"2002-06-09","Japan","Russia","Costa Rica","Turkey","A","H",2.66,4.18,11.1188,0,0
"2002-06-09","Japan","Russia","Costa Rica","Turkey","H","D",2.95,3.32,9.794,0,0
"2002-06-09","Japan","Russia","Costa Rica","Turkey","D","D",2.89,3.32,9.5948,0,0
"2002-06-09","Japan","Russia","Costa Rica","Turkey","A","D",2.66,3.32,8.8312,0,0
"2002-06-09","Mexico","Ecuador","Costa Rica","Turkey","H","H",2.1,4.18,8.778,1,0
"2002-06-09","Mexico","Ecuador","Costa Rica","Turkey","D","H",3.03,4.18,12.6654,0,0.001
"2002-06-09","Mexico","Ecuador","Costa Rica","Turkey","A","H",3.92,4.18,16.3856,0,0.005
"2002-06-09","Mexico","Ecuador","Costa Rica","Turkey","D","D",3.03,3.32,10.0596,0,0
"2002-06-09","Mexico","Ecuador","Costa Rica","Turkey","A","D",3.92,3.32,13.0144,0,0.001
"2002-06-10","Tunisia","Belgium","Portugal","Poland","H","H",6.02,1.63,9.8126,0,0
"2002-06-10","Tunisia","Belgium","Portugal","Poland","H","D",6.02,3.64,21.9128,0,0.01
"2002-06-10","Tunisia","Belgium","Portugal","Poland","D","D",3.81,3.64,13.8684,0,0.002
"2002-06-10","Tunisia","Belgium","Portugal","Poland","H","A",6.02,5.49,33.0498,0,0.018
"2002-06-10","Tunisia","Belgium","Portugal","Poland","D","A",3.81,5.49,20.9169,0,0.009
"2002-06-10","Tunisia","Belgium","Portugal","Poland","A","A",1.56,5.49,8.5644,0,0
"2002-06-10","Tunisia","Belgium","South Korea","USA","H","H",6.02,2.33,14.0266,0,0.002
"2002-06-10","Tunisia","Belgium","South Korea","USA","D","H",3.81,2.33,8.8773,1,0
"2002-06-10","Tunisia","Belgium","South Korea","USA","H","D",6.02,2.94,17.6988,0,0.005
"2002-06-10","Tunisia","Belgium","South Korea","USA","D","D",3.81,2.94,11.2014,0,0
"2002-06-10","Tunisia","Belgium","South Korea","USA","H","A",6.02,3.51,21.1302,0,0.01
"2002-06-10","Tunisia","Belgium","South Korea","USA","D","A",3.81,3.51,13.3731,0,0.001
"2002-06-10","Portugal","Poland","South Korea","USA","D","H",3.64,2.33,8.4812,1,0
"2002-06-10","Portugal","Poland","South Korea","USA","A","H",5.49,2.33,12.7917,0,0.001
"2002-06-10","Portugal","Poland","South Korea","USA","D","D",3.64,2.94,10.7016,0,0
"2002-06-10","Portugal","Poland","South Korea","USA","A","D",5.49,2.94,16.1406,0,0.004
"2002-06-10","Portugal","Poland","South Korea","USA","D","A",3.64,3.51,12.7764,0,0.001
"2002-06-10","Portugal","Poland","South Korea","USA","A","A",5.49,3.51,19.2699,0,0.008
"2002-06-11","Cameroon","Germany","Saudi Arabia","Ireland","H","H",4.18,8.22,34.3596,0,0.018
"2002-06-11","Cameroon","Germany","Saudi Arabia","Ireland","D","H",3.25,8.22,26.715,0,0.014
"2002-06-11","Cameroon","Germany","Saudi Arabia","Ireland","A","H",1.95,8.22,16.029,0,0.004
"2002-06-11","Cameroon","Germany","Saudi Arabia","Ireland","H","D",4.18,5.09,21.2762,0,0.01
"2002-06-11","Cameroon","Germany","Saudi Arabia","Ireland","D","D",3.25,5.09,16.5425,0,0.005
"2002-06-11","Cameroon","Germany","Saudi Arabia","Ireland","A","D",1.95,5.09,9.9255,0,0
"2002-06-11","Cameroon","Germany","Denmark","France","H","H",4.18,6.72,28.0896,0,0.014
"2002-06-11","Cameroon","Germany","Denmark","France","D","H",3.25,6.72,21.84,0,0.01
"2002-06-11","Cameroon","Germany","Denmark","France","A","H",1.95,6.72,13.104,0,0.001
"2002-06-11","Cameroon","Germany","Denmark","France","H","D",4.18,3.86,16.1348,0,0.004
"2002-06-11","Cameroon","Germany","Denmark","France","D","D",3.25,3.86,12.545,0,0
"2002-06-11","Cameroon","Germany","Senegal","Uruguay","H","H",4.18,2.81,11.7458,0,0
"2002-06-11","Cameroon","Germany","Senegal","Uruguay","D","H",3.25,2.81,9.1325,0,0
"2002-06-11","Cameroon","Germany","Senegal","Uruguay","H","D",4.18,3.04,12.7072,0,0.001
"2002-06-11","Cameroon","Germany","Senegal","Uruguay","D","D",3.25,3.04,9.88,0,0
"2002-06-11","Cameroon","Germany","Senegal","Uruguay","H","A",4.18,2.62,10.9516,0,0
"2002-06-11","Cameroon","Germany","Senegal","Uruguay","D","A",3.25,2.62,8.515,0,0
"2002-06-11","Saudi Arabia","Ireland","Denmark","France","H","H",8.22,6.72,55.2384,0,0.024
"2002-06-11","Saudi Arabia","Ireland","Denmark","France","D","H",5.09,6.72,34.2048,0,0.018
"2002-06-11","Saudi Arabia","Ireland","Denmark","France","A","H",1.31,6.72,8.8032,0,0
"2002-06-11","Saudi Arabia","Ireland","Denmark","France","H","D",8.22,3.86,31.7292,0,0.018
"2002-06-11","Saudi Arabia","Ireland","Denmark","France","D","D",5.09,3.86,19.6474,0,0.008
"2002-06-11","Saudi Arabia","Ireland","Denmark","France","H","A",8.22,1.53,12.5766,0,0
"2002-06-11","Saudi Arabia","Ireland","Senegal","Uruguay","H","H",8.22,2.81,23.0982,0,0.012
"2002-06-11","Saudi Arabia","Ireland","Senegal","Uruguay","D","H",5.09,2.81,14.3029,0,0.002
"2002-06-11","Saudi Arabia","Ireland","Senegal","Uruguay","H","D",8.22,3.04,24.9888,0,0.012
"2002-06-11","Saudi Arabia","Ireland","Senegal","Uruguay","D","D",5.09,3.04,15.4736,0,0.003
"2002-06-11","Saudi Arabia","Ireland","Senegal","Uruguay","H","A",8.22,2.62,21.5364,0,0.01
"2002-06-11","Saudi Arabia","Ireland","Senegal","Uruguay","D","A",5.09,2.62,13.3358,0,0.001
"2002-06-11","Denmark","France","Senegal","Uruguay","H","H",6.72,2.81,18.8832,0,0.008
"2002-06-11","Denmark","France","Senegal","Uruguay","D","H",3.86,2.81,10.8466,0,0
"2002-06-11","Denmark","France","Senegal","Uruguay","H","D",6.72,3.04,20.4288,0,0.009
"2002-06-11","Denmark","France","Senegal","Uruguay","D","D",3.86,3.04,11.7344,0,0
"2002-06-11","Denmark","France","Senegal","Uruguay","H","A",6.72,2.62,17.6064,0,0.005
"2002-06-11","Denmark","France","Senegal","Uruguay","D","A",3.86,2.62,10.1132,0,0
"2002-06-12","Nigeria","England","Sweden","Argentina","H","H",5.68,5.57,31.6376,0,0.018
"2002-06-12","Nigeria","England","Sweden","Argentina","D","H",3.48,5.57,19.3836,0,0.008
"2002-06-12","Nigeria","England","Sweden","Argentina","A","H",1.66,5.57,9.2462,0,0
"2002-06-12","Nigeria","England","Sweden","Argentina","H","D",5.68,3.53,20.0504,0,0.009
"2002-06-12","Nigeria","England","Sweden","Argentina","D","D",3.48,3.53,12.2844,1,0
"2002-06-12","Nigeria","England","Sweden","Argentina","H","A",5.68,1.66,9.4288,0,0
"2002-06-12","Nigeria","England","Slovenia","Paraguay","H","H",5.68,5.04,28.6272,0,0.014
"2002-06-12","Nigeria","England","Slovenia","Paraguay","D","H",3.48,5.04,17.5392,0,0.005
"2002-06-12","Nigeria","England","Slovenia","Paraguay","A","H",1.66,5.04,8.3664,0,0
"2002-06-12","Nigeria","England","Slovenia","Paraguay","H","D",5.68,3.72,21.1296,0,0.01
"2002-06-12","Nigeria","England","Slovenia","Paraguay","D","D",3.48,3.72,12.9456,1,0.001
"2002-06-12","Nigeria","England","Slovenia","Paraguay","H","A",5.68,1.66,9.4288,0,0
"2002-06-12","Nigeria","England","South Africa","Spain","H","H",5.68,6.83,38.7944,0,0.018
"2002-06-12","Nigeria","England","South Africa","Spain","D","H",3.48,6.83,23.7684,0,0.012
"2002-06-12","Nigeria","England","South Africa","Spain","A","H",1.66,6.83,11.3378,0,0
"2002-06-12","Nigeria","England","South Africa","Spain","H","D",5.68,2.85,16.188,0,0.004
"2002-06-12","Nigeria","England","South Africa","Spain","D","D",3.48,2.85,9.918,1,0
"2002-06-12","Nigeria","England","South Africa","Spain","H","A",5.68,1.69,9.5992,0,0
"2002-06-12","Sweden","Argentina","Slovenia","Paraguay","H","H",5.57,5.04,28.0728,0,0.014
"2002-06-12","Sweden","Argentina","Slovenia","Paraguay","D","H",3.53,5.04,17.7912,0,0.006
"2002-06-12","Sweden","Argentina","Slovenia","Paraguay","A","H",1.66,5.04,8.3664,0,0
"2002-06-12","Sweden","Argentina","Slovenia","Paraguay","H","D",5.57,3.72,20.7204,0,0.009
"2002-06-12","Sweden","Argentina","Slovenia","Paraguay","D","D",3.53,3.72,13.1316,1,0.001
"2002-06-12","Sweden","Argentina","Slovenia","Paraguay","H","A",5.57,1.66,9.2462,0,0
"2002-06-12","Sweden","Argentina","South Africa","Spain","H","H",5.57,6.83,38.0431,0,0.018
"2002-06-12","Sweden","Argentina","South Africa","Spain","D","H",3.53,6.83,24.1099,0,0.012
"2002-06-12","Sweden","Argentina","South Africa","Spain","A","H",1.66,6.83,11.3378,0,0
"2002-06-12","Sweden","Argentina","South Africa","Spain","H","D",5.57,2.85,15.8745,0,0.004
"2002-06-12","Sweden","Argentina","South Africa","Spain","D","D",3.53,2.85,10.0605,1,0
"2002-06-12","Sweden","Argentina","South Africa","Spain","H","A",5.57,1.69,9.4133,0,0
"2002-06-12","Slovenia","Paraguay","South Africa","Spain","H","H",5.04,6.83,34.4232,0,0.018
"2002-06-12","Slovenia","Paraguay","South Africa","Spain","D","H",3.72,6.83,25.4076,0,0.014
"2002-06-12","Slovenia","Paraguay","South Africa","Spain","A","H",1.66,6.83,11.3378,0,0
"2002-06-12","Slovenia","Paraguay","South Africa","Spain","H","D",5.04,2.85,14.364,0,0.003
"2002-06-12","Slovenia","Paraguay","South Africa","Spain","D","D",3.72,2.85,10.602,1,0
"2002-06-12","Slovenia","Paraguay","South Africa","Spain","H","A",5.04,1.69,8.5176,0,0
"2002-06-13","Ecuador","Croatia","Mexico","Italy","H","H",5.96,6.09,36.2964,0,0.018
"2002-06-13","Ecuador","Croatia","Mexico","Italy","D","H",3.68,6.09,22.4112,0,0.012
"2002-06-13","Ecuador","Croatia","Mexico","Italy","A","H",1.58,6.09,9.6222,0,0
"2002-06-13","Ecuador","Croatia","Mexico","Italy","H","D",5.96,3.66,21.8136,1,0.01
"2002-06-13","Ecuador","Croatia","Mexico","Italy","D","D",3.68,3.66,13.4688,0,0.001
"2002-06-13","Ecuador","Croatia","Mexico","Italy","H","A",5.96,1.55,9.238,0,0
"2002-06-13","Ecuador","Croatia","Costa Rica","Brazil","H","H",5.96,8.33,49.6468,0,0.024
"2002-06-13","Ecuador","Croatia","Costa Rica","Brazil","D","H",3.68,8.33,30.6544,0,0.018
"2002-06-13","Ecuador","Croatia","Costa Rica","Brazil","A","H",1.58,8.33,13.1614,0,0.001
"2002-06-13","Ecuador","Croatia","Costa Rica","Brazil","H","D",5.96,3.1,18.476,1,0.006
"2002-06-13","Ecuador","Croatia","Costa Rica","Brazil","D","D",3.68,3.1,11.408,0,0
"2002-06-13","Ecuador","Croatia","Costa Rica","Brazil","H","A",5.96,1.52,9.0592,0,0
"2002-06-13","Ecuador","Croatia","Turkey","China","H","H",5.96,1.37,8.1652,0,0
"2002-06-13","Ecuador","Croatia","Turkey","China","H","D",5.96,4.77,28.4292,1,0.014
"2002-06-13","Ecuador","Croatia","Turkey","China","D","D",3.68,4.77,17.5536,0,0.005
"2002-06-13","Ecuador","Croatia","Turkey","China","H","A",5.96,7.97,47.5012,0,0.024
"2002-06-13","Ecuador","Croatia","Turkey","China","D","A",3.68,7.97,29.3296,0,0.018
"2002-06-13","Ecuador","Croatia","Turkey","China","A","A",1.58,7.97,12.5926,0,0
"2002-06-13","Mexico","Italy","Costa Rica","Brazil","H","H",6.09,8.33,50.7297,0,0.024
"2002-06-13","Mexico","Italy","Costa Rica","Brazil","D","H",3.66,8.33,30.4878,0,0.018
"2002-06-13","Mexico","Italy","Costa Rica","Brazil","A","H",1.55,8.33,12.9115,0,0.001
"2002-06-13","Mexico","Italy","Costa Rica","Brazil","H","D",6.09,3.1,18.879,1,0.008
"2002-06-13","Mexico","Italy","Costa Rica","Brazil","D","D",3.66,3.1,11.346,0,0
"2002-06-13","Mexico","Italy","Costa Rica","Brazil","H","A",6.09,1.52,9.2568,0,0
"2002-06-13","Mexico","Italy","Turkey","China","H","H",6.09,1.37,8.3433,0,0
"2002-06-13","Mexico","Italy","Turkey","China","H","D",6.09,4.77,29.0493,1,0.018
"2002-06-13","Mexico","Italy","Turkey","China","D","D",3.66,4.77,17.4582,0,0.005
"2002-06-13","Mexico","Italy","Turkey","China","H","A",6.09,7.97,48.5373,0,0.024
"2002-06-13","Mexico","Italy","Turkey","China","D","A",3.66,7.97,29.1702,0,0.018
"2002-06-13","Mexico","Italy","Turkey","China","A","A",1.55,7.97,12.3535,0,0
"2002-06-13","Costa Rica","Brazil","Turkey","China","H","H",8.33,1.37,11.4121,0,0
"2002-06-13","Costa Rica","Brazil","Turkey","China","H","D",8.33,4.77,39.7341,1,0.018
"2002-06-13","Costa Rica","Brazil","Turkey","China","D","D",3.1,4.77,14.787,0,0.003
"2002-06-13","Costa Rica","Brazil","Turkey","China","H","A",8.33,7.97,66.3901,0,0.024
"2002-06-13","Costa Rica","Brazil","Turkey","China","D","A",3.1,7.97,24.707,0,0.012
"2002-06-13","Costa Rica","Brazil","Turkey","China","A","A",1.52,7.97,12.1144,0,0
"2002-06-14","Belgium","Russia","Tunisia","Japan","H","H",3.1,5.8,17.98,0,0.006
"2002-06-14","Belgium","Russia","Tunisia","Japan","D","H",2.98,5.8,17.284,0,0.005
"2002-06-14","Belgium","Russia","Tunisia","Japan","A","H",2.48,5.8,14.384,0,0.003
"2002-06-14","Belgium","Russia","Tunisia","Japan","H","D",3.1,3.49,10.819,0,0
"2002-06-14","Belgium","Russia","Tunisia","Japan","D","D",2.98,3.49,10.4002,0,0
"2002-06-14","Belgium","Russia","Tunisia","Japan","A","D",2.48,3.49,8.6552,0,0
"2002-06-14","Belgium","Russia","Poland","USA","H","H",3.1,4.17,12.927,0,0.001
"2002-06-14","Belgium","Russia","Poland","USA","D","H",2.98,4.17,12.4266,0,0
"2002-06-14","Belgium","Russia","Poland","USA","A","H",2.48,4.17,10.3416,0,0
"2002-06-14","Belgium","Russia","Poland","USA","H","D",3.1,2.96,9.176,0,0
"2002-06-14","Belgium","Russia","Poland","USA","D","D",2.98,2.96,8.8208,0,0
"2002-06-14","Belgium","Russia","Portugal","South Korea","H","D",3.1,3.18,9.858,0,0
"2002-06-14","Belgium","Russia","Portugal","South Korea","D","D",2.98,3.18,9.4764,0,0
"2002-06-14","Belgium","Russia","Portugal","South Korea","H","A",3.1,4.06,12.586,1,0
"2002-06-14","Belgium","Russia","Portugal","South Korea","D","A",2.98,4.06,12.0988,0,0
"2002-06-14","Belgium","Russia","Portugal","South Korea","A","A",2.48,4.06,10.0688,0,0
"2002-06-14","Tunisia","Japan","Poland","USA","H","H",5.8,4.17,24.186,0,0.012
"2002-06-14","Tunisia","Japan","Poland","USA","D","H",3.49,4.17,14.5533,0,0.003
"2002-06-14","Tunisia","Japan","Poland","USA","H","D",5.8,2.96,17.168,0,0.005
"2002-06-14","Tunisia","Japan","Poland","USA","D","D",3.49,2.96,10.3304,0,0
"2002-06-14","Tunisia","Japan","Poland","USA","H","A",5.8,1.97,11.426,1,0
"2002-06-14","Tunisia","Japan","Portugal","South Korea","H","H",5.8,1.96,11.368,0,0
"2002-06-14","Tunisia","Japan","Portugal","South Korea","H","D",5.8,3.18,18.444,0,0.006
"2002-06-14","Tunisia","Japan","Portugal","South Korea","D","D",3.49,3.18,11.0982,0,0
"2002-06-14","Tunisia","Japan","Portugal","South Korea","H","A",5.8,4.06,23.548,1,0.012
"2002-06-14","Tunisia","Japan","Portugal","South Korea","D","A",3.49,4.06,14.1694,0,0.002
"2002-06-14","Poland","USA","Portugal","South Korea","H","H",4.17,1.96,8.1732,0,0
"2002-06-14","Poland","USA","Portugal","South Korea","H","D",4.17,3.18,13.2606,0,0.001
"2002-06-14","Poland","USA","Portugal","South Korea","D","D",2.96,3.18,9.4128,0,0
"2002-06-14","Poland","USA","Portugal","South Korea","H","A",4.17,4.06,16.9302,1,0.005
"2002-06-14","Poland","USA","Portugal","South Korea","D","A",2.96,4.06,12.0176,0,0
"2002-06-15","Denmark","England","Germany","Paraguay","H","D",3.77,3.36,12.6672,0,0.001
"2002-06-15","Denmark","England","Germany","Paraguay","D","D",3.09,3.36,10.3824,0,0
"2002-06-15","Denmark","England","Germany","Paraguay","H","A",3.77,5.23,19.7171,0,0.009
"2002-06-15","Denmark","England","Germany","Paraguay","D","A",3.09,5.23,16.1607,0,0.004
"2002-06-15","Denmark","England","Germany","Paraguay","A","A",2.08,5.23,10.8784,0,0
"2002-06-16","Spain","Ireland","Sweden","Senegal","A","H",6.19,2.19,13.5561,0,0.002
"2002-06-16","Spain","Ireland","Sweden","Senegal","D","D",3.62,3.09,11.1858,1,0
"2002-06-16","Spain","Ireland","Sweden","Senegal","A","D",6.19,3.09,19.1271,0,0.008
"2002-06-16","Spain","Ireland","Sweden","Senegal","D","A",3.62,3.51,12.7062,0,0.001
"2002-06-16","Spain","Ireland","Sweden","Senegal","A","A",6.19,3.51,21.7269,0,0.01
"2002-06-17","Brazil","Belgium","Mexico","USA","D","H",4.34,2.1,9.114,0,0
"2002-06-17","Brazil","Belgium","Mexico","USA","A","H",7.86,2.1,16.506,0,0.005
"2002-06-17","Brazil","Belgium","Mexico","USA","D","D",4.34,3.04,13.1936,0,0.001
"2002-06-17","Brazil","Belgium","Mexico","USA","A","D",7.86,3.04,23.8944,0,0.012
"2002-06-17","Brazil","Belgium","Mexico","USA","D","A",4.34,3.81,16.5354,0,0.005
"2002-06-17","Brazil","Belgium","Mexico","USA","A","A",7.86,3.81,29.9466,0,0.018
"2002-06-18","Japan","Turkey","South Korea","Italy","H","H",2.53,3.93,9.9429,0,0
"2002-06-18","Japan","Turkey","South Korea","Italy","D","H",2.98,3.93,11.7114,0,0
"2002-06-18","Japan","Turkey","South Korea","Italy","A","H",3.1,3.93,12.183,0,0
"2002-06-18","Japan","Turkey","South Korea","Italy","D","D",2.98,3.13,9.3274,0,0
"2002-06-18","Japan","Turkey","South Korea","Italy","A","D",3.1,3.13,9.703,1,0
"2002-06-21","England","Brazil","Germany","USA","H","D",3.23,3.53,11.4019,0,0
"2002-06-21","England","Brazil","Germany","USA","D","D",3.01,3.53,10.6253,0,0
"2002-06-21","England","Brazil","Germany","USA","A","D",2.43,3.53,8.5779,0,0
"2002-06-21","England","Brazil","Germany","USA","H","A",3.23,5.98,19.3154,0,0.008
"2002-06-21","England","Brazil","Germany","USA","D","A",3.01,5.98,17.9998,0,0.006
"2002-06-21","England","Brazil","Germany","USA","A","A",2.43,5.98,14.5314,0,0.003
"2002-06-22","Senegal","Turkey","Spain","South Korea","D","D",2.96,3.06,9.0576,1,0
"2002-06-22","Senegal","Turkey","Spain","South Korea","A","D",2.91,3.06,8.9046,0,0
"2002-06-22","Senegal","Turkey","Spain","South Korea","H","A",2.58,3.83,9.8814,0,0
"2002-06-22","Senegal","Turkey","Spain","South Korea","D","A",2.96,3.83,11.3368,0,0
"2002-06-22","Senegal","Turkey","Spain","South Korea","A","A",2.91,3.83,11.1453,0,0
