Date,League,Home_Team,Away_Team,URL,Over 0.5,Under 0.5,Over 1.5,Under 1.5,Over 2.5,Under 2.5,Over 3.5,Under 3.5,Over 4.5,Under 4.5,Over 5.5,Under 5.5,Chosen_Option,Chosen_Odds,Chosen_Option_Empirical_Prob,N,Chosen_Option_Std,Kelly,Record_Time
2021-04-12,laliga,Celta Vigo,Sevilla,https://www.playnow.com/sports/sports/event/10338128/soccer/europe/spanish-la-liga/rc-celta-de-vigo-v-sevilla-fc,1.08,8.5,1.4,2.75,2.25,1.6,4.25,1.2,8,1.06,0,0,Over 3.5,4.25,0.15,20,0.0798435971133566,3.33064516129032,2021-04-11 02:11:47
2021-04-11,laliga,Villarreal,Osasuna,https://www.playnow.com/sports/sports/event/10338127/soccer/europe/spanish-la-liga/villarreal-cf-v-ca-osasuna,1.06,10,1.36,3,2.05,1.7,3.6,1.25,7,1.08,0,0,Over 3.5,3.6,0.4,15,0.126491106406735,1.98181818181818,2021-04-10 01:40:21
2021-04-11,laliga,Valladolid,Granada CF,https://www.playnow.com/sports/sports/event/10338129/soccer/europe/spanish-la-liga/real-valladolid-v-granada-cf,1.08,8,1.44,2.7,2.3,1.57,4.25,1.2,8,1.06,0,0,Over 3.5,4.25,0,3,0,3.74193548387097,2021-04-10 01:41:02
2021-04-11,laliga,Valencia,Real Sociedad,https://www.playnow.com/sports/sports/event/10338125/soccer/europe/spanish-la-liga/valencia-cf-v-real-sociedad,1.05,11,1.3,3.4,1.95,1.8,3.25,1.3,6,1.1,0,0,Under 1.5,3.4,0.285714285714286,28,0.0853734720953138,2.01190476190476,2021-04-10 01:40:41
2021-04-11,laliga,Betis,Atl. Madrid,https://www.playnow.com/sports/sports/event/10338132/soccer/europe/spanish-la-liga/real-betis-balompie-v-atletico-madrid,1.08,8,1.4,2.75,2.3,1.57,4.25,1.2,8,1.06,0,0,Over 3.5,4.25,0.227272727272727,22,0.089346067398511,3.11876832844575,2021-04-10 01:41:22
2021-04-10,laliga,Real Madrid,Barcelona,https://www.playnow.com/sports/sports/event/10338126/soccer/europe/spanish-la-liga/real-madrid-v-fc-barcelona,1.02,18,1.18,4.75,1.57,2.3,2.35,1.53,4,1.22,0,0,Under 1.5,4.75,0.0967741935483871,31,0.0531003155969743,5.08602150537635,2021-04-09 01:05:20
2021-04-10,laliga,Getafe,Cadiz CF,https://www.playnow.com/sports/sports/event/10338130/soccer/europe/spanish-la-liga/getafe-cf-v-cadiz-cf,1.12,6,1.57,2.3,2.8,1.4,5.5,1.13,10,1.03,0,0,Over 3.5,5.5,1,1,0,1,2021-04-09 01:04:20
2021-04-10,laliga,Eibar,Levante,https://www.playnow.com/sports/sports/event/10338131/soccer/europe/spanish-la-liga/sd-eibar-v-levante-ud,1.06,11,1.33,3.2,2,1.75,3.4,1.28,6.5,1.09,0,0,Under 1.5,3.2,0,4,0,2.23076923076923,2021-04-09 01:05:00
2021-04-10,laliga,Ath Bilbao,Alaves,https://www.playnow.com/sports/sports/event/10338124/soccer/europe/spanish-la-liga/athletic-bilbao-v-deportivo-alaves,1.08,8,1.44,2.7,2.3,1.57,4.25,1.2,8,1.06,0,0,Over 3.5,4.25,0.1,10,0.0948683298050514,3.46774193548387,2021-04-09 01:04:40
2021-04-09,laliga,Huesca,Elche,https://www.playnow.com/sports/sports/event/10338277/soccer/europe/spanish-la-liga/sd-huesca-v-elche-cf,1.09,8,1.44,2.7,2.35,1.57,4.25,1.2,8,1.05,0,0,"",,,,,,2021-04-08 00:22:50
2021-04-07,laliga,Real Sociedad,Ath Bilbao,https://www.playnow.com/sports/sports/event/10332457/soccer/europe/spanish-la-liga/real-sociedad-v-athletic-bilbao,1.08,8.5,1.4,2.8,2.25,1.6,4,1.22,8,1.06,0,0,Over 3.5,4,0.321428571428571,28,0.0882594076122765,2.50793650793651,2021-04-06 00:34:00
2021-04-05,laliga,Barcelona,Valladolid,https://www.playnow.com/sports/sports/event/10333034/soccer/europe/spanish-la-liga/fc-barcelona-v-real-valladolid,0,0,1.08,8,1.3,3.25,1.8,1.95,2.7,1.44,4.5,1.18,Over 5.5,4.5,0.142857142857143,21,0.0763603548321213,3.96703296703297,2021-04-04 11:41:51
2021-04-04,laliga,Sevilla,Atl. Madrid,https://www.playnow.com/sports/sports/event/10333033/soccer/europe/spanish-la-liga/sevilla-fc-v-atletico-madrid,1.1,7,1.5,2.5,2.5,1.5,4.75,1.16,9,1.04,0,0,Over 3.5,4.75,0.259259259259259,27,0.0843370433412313,4.35097001763669,2021-04-03 02:32:55
2021-04-04,laliga,Elche,Betis,https://www.playnow.com/sports/sports/event/10333025/soccer/europe/spanish-la-liga/elche-cf-v-real-betis-balompie,1.06,10,1.33,3.2,2,1.75,3.5,1.28,6.5,1.09,0,0,Under 0.5,10,1,1,0,1,2021-04-03 02:32:14
2021-04-04,laliga,Cadiz CF,Valencia,https://www.playnow.com/sports/sports/event/10333022/soccer/europe/spanish-la-liga/cadiz-cf-v-valencia-cf,1.08,8.5,1.38,2.9,2.2,1.62,4,1.22,7.5,1.07,0,0,Over 3.5,4,0,5,0,3.22222222222222,2021-04-03 02:32:34
2021-04-04,laliga,Alaves,Celta Vigo,https://www.playnow.com/sports/sports/event/10333029/soccer/europe/spanish-la-liga/deportivo-alaves-v-rc-celta-de-vigo,1.08,8.5,1.4,2.8,2.25,1.6,4,1.22,7.5,1.06,0,0,Over 3.5,4,0.2,10,0.126491106406735,2.77777777777778,2021-04-03 02:31:54
2021-04-03,laliga,Real Madrid,Eibar,https://www.playnow.com/sports/sports/event/10333021/soccer/europe/spanish-la-liga/real-madrid-v-sd-eibar,1.03,16,1.22,4,1.67,2.1,2.7,1.44,4.75,1.16,0,0,Over 4.5,4.75,0,5,0,5.52380952380953,2021-04-02 01:50:08
2021-04-03,laliga,Osasuna,Getafe,https://www.playnow.com/sports/sports/event/10333036/soccer/europe/spanish-la-liga/ca-osasuna-v-getafe-cf,1.14,5.75,1.62,2.2,2.9,1.38,5.75,1.11,11,1.02,0,0,Over 3.5,5.75,0.2,10,0.126491106406735,93.0000000000004,2021-04-02 01:50:28
2021-04-03,laliga,Granada CF,Villarreal,https://www.playnow.com/sports/sports/event/10333035/soccer/europe/spanish-la-liga/granada-cf-v-villarreal-cf,1.07,9,1.36,3,2.1,1.67,3.75,1.25,7,1.08,0,0,Over 3.5,3.75,0.2,5,0.178885438199983,2.46341463414634,2021-04-02 01:49:47
2021-04-02,laliga,Levante,Huesca,https://www.playnow.com/sports/sports/event/10333031/soccer/europe/spanish-la-liga/levante-ud-v-sd-huesca,1.05,11,1.3,3.25,1.95,1.8,3.25,1.3,6,1.1,0,0,Under 1.5,3.25,0,1,0,2.27450980392157,2021-04-01 01:13:48
2021-03-20,laliga,Valladolid,Sevilla,https://www.playnow.com/sports/sports/event/10326698/soccer/europe/spanish-la-liga/real-valladolid-v-sevilla-fc,1.08,8.5,1.4,2.8,2.2,1.62,4,1.22,7.5,1.06,0,0,Over 3.5,4,0.277777777777778,18,0.105571798620291,2.60493827160494,2021-03-19 00:28:20
2021-03-20,laliga,Huesca,Osasuna,https://www.playnow.com/sports/sports/event/10326696/soccer/europe/spanish-la-liga/sd-huesca-v-ca-osasuna,1.09,7.5,1.44,2.65,2.35,1.53,4.25,1.2,8.5,1.05,0,0,"",,,,,,2021-03-19 00:28:00
2021-03-20,laliga,Celta Vigo,Real Madrid,https://www.playnow.com/sports/sports/event/10326697/soccer/europe/spanish-la-liga/rc-celta-de-vigo-v-real-madrid,1.03,15,1.22,4.25,1.7,2.1,2.7,1.44,4.75,1.16,0,0,Over 4.5,4.75,0.217391304347826,23,0.0860061487037983,4.54037267080746,2021-03-19 00:27:40
2021-03-20,laliga,Ath Bilbao,Eibar,https://www.playnow.com/sports/sports/event/10326690/soccer/europe/spanish-la-liga/athletic-bilbao-v-sd-eibar,1.08,8.5,1.4,2.8,2.25,1.6,4,1.22,8,1.06,0,0,Over 3.5,4,0.333333333333333,6,0.192450089729875,2.48148148148148,2021-03-19 00:27:20
2021-03-19,laliga,Betis,Levante,https://www.playnow.com/sports/sports/event/10326681/soccer/europe/spanish-la-liga/real-betis-balompie-v-levante-ud,1.04,14,1.22,4,1.7,2.05,2.75,1.4,5,1.15,0,0,Over 4.5,5,0,10,0,7.25,2021-03-18 11:55:15
2021-03-17,laliga,Sevilla,Elche,https://www.playnow.com/sports/sports/event/10326649/soccer/europe/spanish-la-liga/sevilla-fc-v-elche-cf,1.05,11,1.3,3.25,1.95,1.8,3.4,1.3,6,1.1,0,0,Under 1.5,3.25,0,2,0,2.27450980392157,2021-03-16 10:49:47
2021-03-15,laliga,Barcelona,Huesca,https://www.playnow.com/sports/sports/event/10320401/soccer/europe/spanish-la-liga/fc-barcelona-v-sd-huesca,0,0,1.1,7.5,1.33,3,1.87,1.87,2.9,1.38,4.75,1.16,Under 2.5,3,0,1,0,2.07142857142857,2021-03-15 10:13:34
2021-03-14,laliga,Sevilla,Betis,https://www.playnow.com/sports/sports/event/10320400/soccer/europe/spanish-la-liga/sevilla-fc-v-real-betis-balompie,1.07,9,1.36,3,2.15,1.67,3.75,1.25,7,1.07,0,0,Over 3.5,3.75,0.35,20,0.106653645038508,2.1890243902439,2021-03-13 09:44:00
2021-03-14,laliga,Granada CF,Real Sociedad,https://www.playnow.com/sports/sports/event/10320399/soccer/europe/spanish-la-liga/granada-cf-v-real-sociedad,1.05,11,1.33,3.2,2,1.75,3.4,1.28,6.5,1.09,0,0,Over 3.5,3.4,0.285714285714286,7,0.170746944190628,2.01190476190476,2021-03-13 09:43:13
2021-03-14,laliga,Eibar,Villarreal,https://www.playnow.com/sports/sports/event/10320395/soccer/europe/spanish-la-liga/sd-eibar-v-villarreal-cf,1.07,8.5,1.38,2.9,2.2,1.62,4,1.22,7.5,1.07,0,0,Over 3.5,4,0,6,0,3.22222222222222,2021-03-13 09:43:39
2021-03-14,laliga,Celta Vigo,Ath Bilbao,https://www.playnow.com/sports/sports/event/10320392/soccer/europe/spanish-la-liga/rc-celta-de-vigo-v-athletic-bilbao,1.06,10,1.33,3.2,2,1.75,3.5,1.28,6.5,1.09,0,0,Over 3.5,3.5,0.173913043478261,23,0.0790341964475118,2.25708884688091,2021-03-13 09:42:53
2021-03-13,laliga,Real Madrid,Elche,https://www.playnow.com/sports/sports/event/10320397/soccer/europe/spanish-la-liga/real-madrid-v-elche-cf,1.02,18,1.18,4.75,1.57,2.3,2.4,1.53,4.25,1.2,0,0,Under 1.5,4.75,0,2,0,5.52380952380953,2021-03-12 01:02:43
2021-03-13,laliga,Osasuna,Valladolid,https://www.playnow.com/sports/sports/event/10320396/soccer/europe/spanish-la-liga/ca-osasuna-v-real-valladolid,1.09,7.5,1.47,2.6,2.4,1.53,4.5,1.18,8.5,1.05,0,0,Over 3.5,4.5,0.142857142857143,14,0.0935219529582825,3.96703296703297,2021-03-12 04:49:23
2021-03-13,laliga,Getafe,Atl. Madrid,https://www.playnow.com/sports/sports/event/10320393/soccer/europe/spanish-la-liga/getafe-cf-v-atletico-madrid,1.13,6,1.62,2.25,2.9,1.38,5.75,1.12,11,1.03,0,0,Over 3.5,5.75,0.142857142857143,14,0.0935219529582825,99.571428571429,2021-03-12 01:03:03
2021-03-13,laliga,Alaves,Cadiz CF,https://www.playnow.com/sports/sports/event/10320394/soccer/europe/spanish-la-liga/deportivo-alaves-v-cadiz-cf,1.11,6.5,1.53,2.4,2.65,1.44,5,1.14,10,1.03,0,0,Over 3.5,5,0,1,0,7.25,2021-03-12 01:02:21
2021-03-12,laliga,Levante,Valencia,https://www.playnow.com/sports/sports/event/10320423/soccer/europe/spanish-la-liga/levante-ud-v-valencia-cf,1.05,11,1.28,3.5,1.87,1.87,3.2,1.33,5.75,1.11,0,0,Over 4.5,5.75,0.25,12,0.125,87.2500000000004,2021-03-11 00:23:31
2021-03-10,laliga,Atl. Madrid,Ath Bilbao,https://www.playnow.com/sports/sports/event/10320411/soccer/europe/spanish-la-liga/atletico-madrid-v-athletic-bilbao,1.09,7.5,1.47,2.6,2.45,1.53,4.5,1.18,8.5,1.05,0,0,Over 3.5,4.5,0.275862068965517,29,0.0829960921123194,3.50663129973475,2021-03-09 04:28:36
2021-03-08,laliga,Betis,Alaves,https://www.playnow.com/sports/sports/event/10314322/soccer/europe/spanish-la-liga/real-betis-balompie-v-deportivo-alaves,1.07,9,1.36,2.9,2.15,1.67,3.75,1.25,7,1.07,0,0,Over 3.5,3.75,0.25,8,0.153093108923949,2.3719512195122,2021-03-07 16:04:33
2021-03-07,laliga,Real Sociedad,Levante,https://www.playnow.com/sports/sports/event/10314319/soccer/europe/spanish-la-liga/real-sociedad-v-levante-ud,1.03,15,1.22,4,1.7,2.1,2.7,1.44,4.75,1.16,0,0,Over 4.5,4.75,0,11,0,5.52380952380953,2021-03-06 03:13:03
2021-03-07,laliga,Huesca,Celta Vigo,https://www.playnow.com/sports/sports/event/10314323/soccer/europe/spanish-la-liga/sd-huesca-v-rc-celta-de-vigo,1.08,8,1.4,2.75,2.3,1.57,4.25,1.2,8,1.06,0,0,Over 4.5,8,1,1,0,1,2021-03-06 03:12:24
2021-03-07,laliga,Atl. Madrid,Real Madrid,https://www.playnow.com/sports/sports/event/10314326/soccer/europe/spanish-la-liga/atletico-madrid-v-real-madrid,1.08,8,1.4,2.75,2.3,1.57,4.25,1.2,8,1.06,0,0,Over 3.5,4.25,0.310344827586207,29,0.0859091170900758,2.89098998887653,2021-03-06 03:12:43
2021-03-07,laliga,Ath Bilbao,Granada CF,https://www.playnow.com/sports/sports/event/10314321/soccer/europe/spanish-la-liga/athletic-bilbao-v-granada-cf,1.06,10,1.36,3,2.1,1.7,3.75,1.25,7,1.08,0,0,Over 3.5,3.75,0.285714285714286,7,0.170746944190628,2.30662020905923,2021-03-06 03:13:22
2021-03-06,laliga,Valladolid,Getafe,https://www.playnow.com/sports/sports/event/10314317/soccer/europe/spanish-la-liga/real-valladolid-v-getafe-cf,1.14,5.75,1.62,2.2,2.9,1.38,5.75,1.12,11,1.02,0,0,Over 3.5,5.75,0.166666666666667,6,0.152145154862546,96.8333333333338,2021-03-05 02:28:21
2021-03-06,laliga,Osasuna,Barcelona,https://www.playnow.com/sports/sports/event/10314324/soccer/europe/spanish-la-liga/ca-osasuna-v-fc-barcelona,1.03,16,1.2,4.5,1.62,2.2,2.55,1.47,4.5,1.18,0,0,Over 4.5,4.5,0.142857142857143,21,0.0763603548321213,3.96703296703297,2021-03-05 02:29:21
2021-03-06,laliga,Elche,Sevilla,https://www.playnow.com/sports/sports/event/10314320/soccer/europe/spanish-la-liga/elche-cf-v-sevilla-fc,1.08,8,1.44,2.7,2.3,1.57,4.25,1.2,8,1.06,0,0,Over 3.5,4.25,0,2,0,3.74193548387097,2021-03-05 02:28:41
2021-03-06,laliga,Cadiz CF,Eibar,https://www.playnow.com/sports/sports/event/10314325/soccer/europe/spanish-la-liga/cadiz-cf-v-sd-eibar,1.1,7,1.5,2.45,2.55,1.47,4.75,1.16,9,1.04,0,0,"",,,,,,2021-03-05 02:29:01
2021-03-05,laliga,Valencia,Villarreal,https://www.playnow.com/sports/sports/event/10314318/soccer/europe/spanish-la-liga/valencia-cf-v-villarreal-cf,1.06,10,1.33,3.2,2.05,1.75,3.5,1.28,6.5,1.09,0,0,Over 3.5,3.5,0.35,20,0.106653645038508,1.98913043478261,2021-03-04 01:36:51
2021-03-01,laliga,Real Madrid,Real Sociedad,https://www.playnow.com/sports/sports/event/10305067/soccer/europe/spanish-la-liga/real-madrid-v-real-sociedad,1.05,11,1.28,3.5,1.9,1.87,3.2,1.33,5.75,1.11,0,0,Over 4.5,5.75,0.428571428571429,28,0.0935219529582824,66.714285714286,2021-02-28 09:48:51
2021-02-28,laliga,Villarreal,Atl. Madrid,https://www.playnow.com/sports/sports/event/10309510/soccer/europe/spanish-la-liga/villarreal-cf-v-atletico-madrid,1.1,7,1.47,2.55,2.45,1.5,4.5,1.18,9,1.05,0,0,Over 3.5,4.5,0.166666666666667,18,0.0878410461157883,3.88461538461539,2021-02-27 21:32:57
2021-02-28,laliga,Granada CF,Elche,https://www.playnow.com/sports/sports/event/10309511/soccer/europe/spanish-la-liga/granada-cf-v-elche-cf,1.09,7.5,1.4,2.75,2.3,1.57,4.25,1.2,8,1.06,0,0,Over 3.5,4.25,0,2,0,3.74193548387097,2021-02-27 09:12:11
2021-02-28,laliga,Celta Vigo,Valladolid,https://www.playnow.com/sports/sports/event/10309509/soccer/europe/spanish-la-liga/rc-celta-de-vigo-v-real-valladolid,1.07,9,1.38,2.9,2.15,1.62,3.9,1.22,7.5,1.07,0,0,Over 3.5,3.9,0.25,16,0.108253175473055,2.53947368421053,2021-02-27 09:11:30
2021-02-28,laliga,Cadiz CF,Betis,https://www.playnow.com/sports/sports/event/10309506/soccer/europe/spanish-la-liga/cadiz-cf-v-real-betis-balompie,1.07,9,1.36,3,2.15,1.67,3.75,1.25,7,1.07,0,0,Over 3.5,3.75,0,2,0,2.82926829268293,2021-02-27 09:11:50
2021-02-27,laliga,Sevilla,Barcelona,https://www.playnow.com/sports/sports/event/10309508/soccer/europe/spanish-la-liga/sevilla-fc-v-fc-barcelona,1.03,15,1.2,4.5,1.62,2.15,2.5,1.47,4.5,1.18,0,0,Under 1.5,4.5,0.259259259259259,27,0.0843370433412312,3.56410256410257,2021-02-26 08:29:17
2021-02-27,laliga,Getafe,Valencia,https://www.playnow.com/sports/sports/event/10309505/soccer/europe/spanish-la-liga/getafe-cf-v-valencia-cf,1.13,6,1.57,2.3,2.8,1.4,5.5,1.13,10,1.03,0,0,Over 3.5,5.5,0.266666666666667,15,0.11417984514369,14.4444444444444,2021-02-26 08:29:59
2021-02-27,laliga,Eibar,Huesca,https://www.playnow.com/sports/sports/event/10309504/soccer/europe/spanish-la-liga/sd-eibar-v-sd-huesca,1.09,8,1.44,2.65,2.35,1.53,4.5,1.18,8.5,1.05,0,0,Over 3.5,4.5,0,1,0,4.46153846153846,2021-02-26 08:28:57
2021-02-27,laliga,Alaves,Osasuna,https://www.playnow.com/sports/sports/event/10309507/soccer/europe/spanish-la-liga/deportivo-alaves-v-ca-osasuna,1.11,6.5,1.53,2.4,2.6,1.44,5,1.15,9,1.04,0,0,Over 3.5,5,0,5,0,7.25,2021-02-26 08:29:38
2021-02-26,laliga,Levante,Ath Bilbao,https://www.playnow.com/sports/sports/event/10309503/soccer/europe/spanish-la-liga/levante-ud-v-athletic-bilbao,1.06,10,1.3,3.25,2,1.75,3.4,1.3,6.5,1.09,0,0,Over 3.5,3.4,0.181818181818182,11,0.116291299830333,2.15909090909091,2021-02-25 07:42:04
2021-02-24,laliga,Barcelona,Elche,https://www.playnow.com/sports/sports/event/10309228/soccer/europe/spanish-la-liga/fc-barcelona-v-elche-cf,0,0,1.07,9,1.28,3.5,1.7,2.1,2.5,1.47,4,1.2,Over 5.5,4,0,2,0,3.22222222222222,2021-02-23 18:48:49
2021-02-22,laliga,Osasuna,Sevilla,https://www.playnow.com/sports/sports/event/10304232/soccer/europe/spanish-la-liga/ca-osasuna-v-sevilla-fc,1.09,7.5,1.44,2.7,2.35,1.57,4.25,1.2,8.5,1.05,0,0,Over 3.5,4.25,0.15,20,0.0798435971133566,3.33064516129032,2021-02-21 04:00:31
2021-02-21,laliga,Real Sociedad,Alaves,https://www.playnow.com/sports/sports/event/10304235/soccer/europe/spanish-la-liga/real-sociedad-v-deportivo-alaves,1.08,8.5,1.4,2.8,2.2,1.62,4,1.22,7.5,1.07,0,0,Over 3.5,4,0.1,10,0.0948683298050514,3,2021-02-20 03:24:26
2021-02-21,laliga,Huesca,Granada CF,https://www.playnow.com/sports/sports/event/10304239/soccer/europe/spanish-la-liga/sd-huesca-v-granada-cf,1.1,7,1.5,2.5,2.5,1.5,4.75,1.16,9,1.04,0,0,"",,,,,,2021-02-20 03:24:47
2021-02-21,laliga,Barcelona,Cadiz CF,https://www.playnow.com/sports/sports/event/10304233/soccer/europe/spanish-la-liga/fc-barcelona-v-cadiz-cf,0,0,1.12,6,1.44,2.7,2.05,1.7,3.4,1.3,5.75,1.12,Over 5.5,5.75,0,5,0,116.000000000001,2021-02-20 03:24:05
2021-02-21,laliga,Ath Bilbao,Villarreal,https://www.playnow.com/sports/sports/event/10304231/soccer/europe/spanish-la-liga/athletic-bilbao-v-villarreal-cf,1.09,7.5,1.44,2.65,2.4,1.53,4.5,1.18,8.5,1.05,0,0,Over 3.5,4.5,0.157894736842105,19,0.0836546751830554,3.91497975708502,2021-02-20 03:25:08
2021-02-20,laliga,Valladolid,Real Madrid,https://www.playnow.com/sports/sports/event/10304227/soccer/europe/spanish-la-liga/real-valladolid-v-real-madrid,1.04,13,1.25,3.75,1.75,2,2.9,1.38,5.25,1.14,0,0,Over 4.5,5.25,0.238095238095238,21,0.0929428640903365,8.27272727272728,2021-02-19 02:47:11
2021-02-20,laliga,Valencia,Celta Vigo,https://www.playnow.com/sports/sports/event/10304228/soccer/europe/spanish-la-liga/valencia-cf-v-rc-celta-de-vigo,1.07,9,1.38,2.9,2.2,1.62,3.9,1.22,7.5,1.07,0,0,Over 3.5,3.9,0.130434782608696,23,0.0702237263554129,2.78489702517162,2021-02-19 02:46:51
2021-02-20,laliga,Elche,Eibar,https://www.playnow.com/sports/sports/event/10304223/soccer/europe/spanish-la-liga/elche-cf-v-sd-eibar,1.09,7.5,1.47,2.55,2.45,1.5,4.5,1.18,9,1.05,0,0,Over 3.5,4.5,0,1,0,4.46153846153846,2021-02-19 02:46:09
2021-02-20,laliga,Atl. Madrid,Levante,https://www.playnow.com/sports/sports/event/10304225/soccer/europe/spanish-la-liga/atletico-madrid-v-levante-ud,1.05,11,1.3,3.25,1.95,1.8,3.25,1.3,6,1.1,0,0,Under 1.5,3.25,0.333333333333333,12,0.136082763487954,1.84967320261438,2021-02-19 02:46:30
2021-02-19,laliga,Betis,Getafe,https://www.playnow.com/sports/sports/event/10304222/soccer/europe/spanish-la-liga/real-betis-balompie-v-getafe-cf,1.1,7,1.44,2.65,2.4,1.53,4.5,1.18,8.5,1.05,0,0,Over 3.5,4.5,0.333333333333333,12,0.136082763487954,3.30769230769231,2021-02-18 02:00:37
2021-02-17,laliga,Levante,Atl. Madrid,https://www.playnow.com/sports/sports/event/10304075/soccer/europe/spanish-la-liga/levante-ud-v-atletico-madrid,1.06,10,1.3,3.25,1.95,1.8,3.25,1.3,6,1.1,0,0,Under 1.5,3.25,0.181818181818182,11,0.116291299830333,2.0427807486631,2021-02-16 00:57:34
2021-02-15,laliga,Cadiz CF,Ath Bilbao,https://www.playnow.com/sports/sports/event/10298332/soccer/europe/spanish-la-liga/cadiz-cf-v-athletic-bilbao,1.1,7,1.53,2.45,2.6,1.47,5,1.15,9,1.04,0,0,Over 3.5,5,0.4,5,0.219089023002066,4.75,2021-02-14 12:00:35
2021-02-14,laliga,Villarreal,Betis,https://www.playnow.com/sports/sports/event/10298273/soccer/europe/spanish-la-liga/villarreal-cf-v-real-betis-balompie,1.05,11,1.28,3.6,1.87,1.87,3,1.33,5.75,1.12,0,0,Over 4.5,5.75,0.25,16,0.108253175473055,87.2500000000004,2021-02-13 11:26:15
2021-02-14,laliga,Real Madrid,Valencia,https://www.playnow.com/sports/sports/event/10298331/soccer/europe/spanish-la-liga/real-madrid-v-valencia-cf,1.02,19,1.18,4.75,1.57,2.35,2.4,1.53,4,1.22,0,0,Under 1.5,4.75,0.166666666666667,30,0.0680413817439772,4.76984126984127,2021-02-13 11:25:33
2021-02-14,laliga,Levante,Osasuna,https://www.playnow.com/sports/sports/event/10298272/soccer/europe/spanish-la-liga/levante-ud-v-ca-osasuna,1.06,10,1.3,3.25,2,1.75,3.4,1.28,6.5,1.09,0,0,Under 1.5,3.25,0,8,0,2.27450980392157,2021-02-13 11:25:54
2021-02-14,laliga,Getafe,Real Sociedad,https://www.playnow.com/sports/sports/event/10298275/soccer/europe/spanish-la-liga/getafe-cf-v-real-sociedad,1.12,6.5,1.6,2.25,2.8,1.4,5.5,1.13,10,1.03,0,0,Over 3.5,5.5,0.181818181818182,11,0.116291299830333,16,2021-02-13 11:25:11
2021-02-13,laliga,Sevilla,Huesca,https://www.playnow.com/sports/sports/event/10298278/soccer/europe/spanish-la-liga/sevilla-fc-v-sd-huesca,1.06,10,1.36,3,2.05,1.7,3.6,1.25,7,1.08,0,0,Over 3.5,3.6,0,1,0,2.63636363636364,2021-02-12 09:49:02
2021-02-13,laliga,Granada CF,Atl. Madrid,https://www.playnow.com/sports/sports/event/10298280/soccer/europe/spanish-la-liga/granada-cf-v-atletico-madrid,1.09,7.5,1.47,2.55,2.45,1.53,4.5,1.18,8.5,1.05,0,0,Over 3.5,4.5,0,7,0,4.46153846153846,2021-02-12 09:48:41
2021-02-13,laliga,Eibar,Valladolid,https://www.playnow.com/sports/sports/event/10298276/soccer/europe/spanish-la-liga/sd-eibar-v-real-valladolid,1.09,7.5,1.47,2.6,2.4,1.53,4.5,1.18,8.5,1.05,0,0,Over 3.5,4.5,0,1,0,4.46153846153846,2021-02-12 09:49:23
2021-02-13,laliga,Barcelona,Alaves,https://www.playnow.com/sports/sports/event/10298279/soccer/europe/spanish-la-liga/fc-barcelona-v-deportivo-alaves,0,0,1.15,5.25,1.5,2.45,2.25,1.6,3.75,1.25,6.5,1.09,Under 1.5,5.25,0.1,10,0.0948683298050514,9.5909090909091,2021-02-12 09:49:44
2021-02-12,laliga,Celta Vigo,Elche,https://www.playnow.com/sports/sports/event/10298277/soccer/europe/spanish-la-liga/rc-celta-de-vigo-v-elche-cf,1.06,10,1.33,3.2,2,1.75,3.5,1.28,6.5,1.09,0,0,Over 3.5,3.5,0,2,0,2.52173913043478,2021-02-12 09:47:37
2021-02-09,laliga,Real Madrid,Getafe,https://www.playnow.com/sports/sports/event/10297765/soccer/europe/spanish-la-liga/real-madrid-v-getafe-cf,1.06,10,1.33,3.2,2,1.75,3.5,1.28,6.5,1.09,0,0,Under 1.5,3.2,0.142857142857143,14,0.0935219529582824,2.05494505494506,2021-02-08 05:20:35
2021-02-08,laliga,Atl. Madrid,Celta Vigo,https://www.playnow.com/sports/sports/event/10292824/soccer/europe/spanish-la-liga/atletico-madrid-v-rc-celta-de-vigo,1.07,9,1.38,2.9,2.15,1.67,3.9,1.25,7.5,1.07,0,0,Over 3.5,3.9,0.333333333333333,21,0.102868899974728,2.36842105263158,2021-02-07 11:31:41
2021-02-07,laliga,Real Sociedad,Cadiz CF,https://www.playnow.com/sports/sports/event/10292825/soccer/europe/spanish-la-liga/real-sociedad-v-cadiz-cf,1.07,8.5,1.4,2.8,2.25,1.6,4,1.22,8,1.06,0,0,Over 3.5,4,0,5,0,3.22222222222222,2021-02-06 11:04:01
2021-02-07,laliga,Osasuna,Eibar,https://www.playnow.com/sports/sports/event/10292885/soccer/europe/spanish-la-liga/ca-osasuna-v-sd-eibar,1.1,7.5,1.44,2.6,2.4,1.53,4.5,1.18,8.5,1.05,0,0,Over 3.5,4.5,0,2,0,4.46153846153846,2021-02-06 11:04:44
2021-02-07,laliga,Betis,Barcelona,https://www.playnow.com/sports/sports/event/10292886/soccer/europe/spanish-la-liga/real-betis-balompie-v-fc-barcelona,0,0,1.12,6,1.4,2.75,2,1.75,3.25,1.3,5.5,1.12,Over 5.5,5.5,0.0909090909090909,22,0.0612908965875675,17.6666666666667,2021-02-06 11:05:05
2021-02-07,laliga,Ath Bilbao,Valencia,https://www.playnow.com/sports/sports/event/10292877/soccer/europe/spanish-la-liga/athletic-bilbao-v-valencia-cf,1.07,9,1.36,3,2.1,1.67,3.75,1.25,7,1.08,0,0,Over 3.5,3.75,0.225806451612903,31,0.0750951864835326,2.4162077104642,2021-02-06 11:04:23
2021-02-06,laliga,Sevilla,Getafe,https://www.playnow.com/sports/sports/event/10292876/soccer/europe/spanish-la-liga/sevilla-fc-v-getafe-cf,1.1,7.5,1.47,2.55,2.45,1.5,4.75,1.16,9,1.04,0,0,Over 3.5,4.75,0.2,15,0.103279555898864,4.61904761904762,2021-02-05 10:25:50
2021-02-06,laliga,Levante,Granada CF,https://www.playnow.com/sports/sports/event/10292823/soccer/europe/spanish-la-liga/levante-ud-v-granada-cf,1.06,10,1.3,3.4,1.95,1.8,3.25,1.3,6,1.1,0,0,Under 1.5,3.4,0.2,5,0.178885438199983,2.13333333333333,2021-02-05 10:24:50
2021-02-06,laliga,Huesca,Real Madrid,https://www.playnow.com/sports/sports/event/10292888/soccer/europe/spanish-la-liga/sd-huesca-v-real-madrid,1.04,14,1.25,3.9,1.75,2,2.9,1.4,5.25,1.14,0,0,Over 4.5,5.25,0,1,0,10.5454545454546,2021-02-05 10:25:10
2021-02-06,laliga,Elche,Villarreal,https://www.playnow.com/sports/sports/event/10292875/soccer/europe/spanish-la-liga/elche-cf-v-villarreal-cf,1.08,8.5,1.4,2.8,2.25,1.6,4,1.22,7.5,1.06,0,0,Over 3.5,4,0.5,2,0.353553390593274,2.11111111111111,2021-02-05 10:25:30
2021-02-05,laliga,Alaves,Valladolid,https://www.playnow.com/sports/sports/event/10292854/soccer/europe/spanish-la-liga/deportivo-alaves-v-real-valladolid,1.11,7,1.5,2.5,2.5,1.47,4.75,1.16,9,1.04,0,0,Over 3.5,4.75,0.428571428571429,7,0.187043905916565,3.58503401360544,2021-02-05 10:24:29
2021-02-01,laliga,Betis,Osasuna,https://www.playnow.com/sports/sports/event/10290328/soccer/europe/spanish-la-liga/real-betis-balompie-v-ca-osasuna,1.06,10,1.33,3.2,2,1.75,3.4,1.28,6.5,1.09,0,0,Over 3.5,3.4,0.153846153846154,13,0.100068251628922,2.19871794871795,2021-01-31 03:12:38
2021-01-31,laliga,Granada CF,Celta Vigo,https://www.playnow.com/sports/sports/event/10290325/soccer/europe/spanish-la-liga/granada-cf-v-rc-celta-de-vigo,1.08,8.5,1.4,2.8,2.2,1.62,4,1.22,7.5,1.06,0,0,Over 3.5,4,0,5,0,3.22222222222222,2021-01-30 02:57:41
2021-01-31,laliga,Getafe,Alaves,https://www.playnow.com/sports/sports/event/10290323/soccer/europe/spanish-la-liga/getafe-cf-v-deportivo-alaves,1.11,6.5,1.53,2.4,2.65,1.44,5,1.14,10,1.03,0,0,Over 3.5,5,0.75,4,0.21650635094611,2.5625,2021-01-30 02:57:00
2021-01-31,laliga,Cadiz CF,Atl. Madrid,https://www.playnow.com/sports/sports/event/10290322/soccer/europe/spanish-la-liga/cadiz-cf-v-atletico-madrid,1.09,8,1.47,2.6,2.4,1.53,4.5,1.18,8.5,1.05,0,0,Over 3.5,4.5,0,5,0,4.46153846153846,2021-01-30 02:57:20
2021-01-31,laliga,Barcelona,Ath Bilbao,https://www.playnow.com/sports/sports/event/10290327/soccer/europe/spanish-la-liga/fc-barcelona-v-athletic-bilbao,0,0,1.15,5.25,1.5,2.45,2.25,1.6,3.75,1.25,6.5,1.09,Under 1.5,5.25,0.0333333333333333,30,0.0327730693416725,10.2272727272727,2021-01-30 02:58:01
2021-01-30,laliga,Villarreal,Real Sociedad,https://www.playnow.com/sports/sports/event/10290047/soccer/europe/spanish-la-liga/villarreal-cf-v-real-sociedad,1.07,8.5,1.38,2.9,2.15,1.62,3.75,1.25,7.5,1.07,0,0,Over 3.5,3.75,0.25,16,0.108253175473055,2.3719512195122,2021-01-29 02:35:51
2021-01-30,laliga,Valencia,Elche,https://www.playnow.com/sports/sports/event/10290042/soccer/europe/spanish-la-liga/valencia-cf-v-elche-cf,1.06,10,1.33,3.2,2,1.75,3.5,1.28,6.5,1.09,0,0,Under 1.5,3.2,0,2,0,2.23076923076923,2021-01-29 02:35:31
2021-01-30,laliga,Real Madrid,Levante,https://www.playnow.com/sports/sports/event/10290043/soccer/europe/spanish-la-liga/real-madrid-v-levante-ud,0,0,1.12,6,1.4,2.75,2.05,1.75,3.25,1.3,5.75,1.12,Over 5.5,5.75,0.25,12,0.125,87.2500000000004,2021-01-29 02:35:11
2021-01-30,laliga,Eibar,Sevilla,https://www.playnow.com/sports/sports/event/10290037/soccer/europe/spanish-la-liga/sd-eibar-v-sevilla-fc,1.08,8,1.44,2.75,2.3,1.57,4.25,1.2,8,1.06,0,0,Over 3.5,4.25,0.666666666666667,6,0.192450089729875,1.91397849462366,2021-01-29 02:34:51
2021-01-29,laliga,Valladolid,Huesca,https://www.playnow.com/sports/sports/event/10290038/soccer/europe/spanish-la-liga/real-valladolid-v-sd-huesca,1.09,8,1.44,2.7,2.35,1.57,4.25,1.2,8,1.05,0,0,Over 3.5,4.25,0,1,0,3.74193548387097,2021-01-28 02:14:49
2021-01-25,laliga,Ath Bilbao,Getafe,https://www.playnow.com/sports/sports/event/10283661/soccer/europe/spanish-la-liga/athletic-bilbao-v-getafe-cf,1.12,6,1.57,2.3,2.8,1.4,5.5,1.13,10,1.03,0,0,Over 3.5,5.5,0.214285714285714,14,0.109664210511248,15.4047619047619,2021-01-24 03:17:16
2021-01-24,laliga,Osasuna,Granada CF,https://www.playnow.com/sports/sports/event/10283023/soccer/europe/spanish-la-liga/ca-osasuna-v-granada-cf,1.09,7.5,1.44,2.7,2.35,1.53,4.25,1.2,8.5,1.05,0,0,Over 3.5,4.25,0,4,0,3.74193548387097,2021-01-23 03:02:06
2021-01-24,laliga,Elche,Barcelona,https://www.playnow.com/sports/sports/event/10283021/soccer/europe/spanish-la-liga/elche-cf-v-fc-barcelona,0,0,1.15,5.25,1.5,2.5,2.2,1.62,3.75,1.25,6.5,1.09,Under 1.5,5.25,0.5,2,0.353553390593274,5.77272727272728,2021-01-23 03:02:27
2021-01-24,laliga,Celta Vigo,Eibar,https://www.playnow.com/sports/sports/event/10283022/soccer/europe/spanish-la-liga/rc-celta-de-vigo-v-sd-eibar,1.07,8.5,1.4,2.9,2.2,1.62,4,1.22,7.5,1.07,0,0,Over 3.5,4,0.4,5,0.219089023002066,2.33333333333333,2021-01-23 03:02:47
2021-01-24,laliga,Atl. Madrid,Valencia,https://www.playnow.com/sports/sports/event/10283024/soccer/europe/spanish-la-liga/atletico-madrid-v-valencia-cf,1.05,11,1.3,3.25,1.95,1.8,3.4,1.3,6,1.1,0,0,Over 3.5,3.4,0.206896551724138,29,0.0752215964515325,2.1235632183908,2021-01-23 03:03:08
2021-01-23,laliga,Sevilla,Cadiz CF,https://www.playnow.com/sports/sports/event/10283018/soccer/europe/spanish-la-liga/sevilla-fc-v-cadiz-cf,1.07,9,1.38,2.9,2.15,1.62,3.9,1.22,7.5,1.07,0,0,Over 3.5,3.9,0,5,0,3.05263157894737,2021-01-22 02:46:57
2021-01-23,laliga,Real Sociedad,Betis,https://www.playnow.com/sports/sports/event/10283019/soccer/europe/spanish-la-liga/real-sociedad-v-real-betis-balompie,1.04,13,1.25,3.9,1.75,2,2.9,1.38,5.25,1.14,0,0,Over 4.5,5.25,0.19047619047619,21,0.0856890867468988,8.72727272727274,2021-01-22 02:47:17
2021-01-23,laliga,Huesca,Villarreal,https://www.playnow.com/sports/sports/event/10283017/soccer/europe/spanish-la-liga/sd-huesca-v-villarreal-cf,1.06,10,1.33,3.2,2.05,1.75,3.5,1.28,6.5,1.09,0,0,Under 1.5,3.2,0,1,0,2.23076923076923,2021-01-22 02:46:37
2021-01-23,laliga,Alaves,Real Madrid,https://www.playnow.com/sports/sports/event/10283020/soccer/europe/spanish-la-liga/deportivo-alaves-v-real-madrid,1.03,15,1.22,4.25,1.67,2.1,2.65,1.44,4.75,1.16,0,0,Over 4.5,4.75,0.2,10,0.126491106406735,4.61904761904762,2021-01-22 02:47:37
2021-01-22,laliga,Levante,Valladolid,https://www.playnow.com/sports/sports/event/10283013/soccer/europe/spanish-la-liga/levante-ud-v-real-valladolid,1.06,10,1.33,3.2,2,1.75,3.4,1.28,6.5,1.09,0,0,Over 3.5,3.4,0,5,0,2.41666666666667,2021-01-21 02:29:09
2021-01-21,laliga,Valencia,Osasuna,https://www.playnow.com/sports/sports/event/10280737/soccer/europe/spanish-la-liga/valencia-cf-v-ca-osasuna,1.07,9,1.36,3,2.1,1.67,3.75,1.25,7,1.08,0,0,Over 3.5,3.75,0.3,20,0.102469507659596,2.28048780487805,2021-01-20 02:17:32
2021-01-21,laliga,Eibar,Atl. Madrid,https://www.playnow.com/sports/sports/event/10280738/soccer/europe/spanish-la-liga/sd-eibar-v-atletico-madrid,1.1,7,1.5,2.45,2.55,1.47,4.75,1.16,9,1.04,0,0,Over 3.5,4.75,0.166666666666667,6,0.152145154862546,4.76984126984127,2021-01-20 02:17:52
2021-01-20,laliga,Villarreal,Granada CF,https://www.playnow.com/sports/sports/event/10278777/soccer/europe/spanish-la-liga/villarreal-cf-v-granada-cf,1.04,12,1.25,3.6,1.83,1.9,3,1.36,5.5,1.12,0,0,Over 4.5,5.5,0.166666666666667,6,0.152145154862546,16.2777777777778,2021-01-19 02:06:07
2021-01-20,laliga,Getafe,Huesca,https://www.playnow.com/sports/sports/event/10278846/soccer/europe/spanish-la-liga/getafe-cf-v-sd-huesca,1.12,6,1.57,2.3,2.8,1.4,5.5,1.13,10,1.03,0,0,Over 3.5,5.5,0,1,0,19.3333333333333,2021-01-19 02:05:26
2021-01-20,laliga,Betis,Celta Vigo,https://www.playnow.com/sports/sports/event/10278778/soccer/europe/spanish-la-liga/real-betis-balompie-v-rc-celta-de-vigo,1.05,11,1.28,3.4,1.9,1.83,3.2,1.33,6,1.11,0,0,Under 1.5,3.4,0.222222222222222,18,0.0979907892986885,2.10185185185185,2021-01-19 02:05:47
2021-01-19,laliga,Valladolid,Elche,https://www.playnow.com/sports/sports/event/10280741/soccer/europe/spanish-la-liga/real-valladolid-v-elche-cf,1.08,8,1.44,2.7,2.35,1.57,4.25,1.2,8,1.06,0,0,Over 3.5,4.25,1,1,0,1,2021-01-18 01:51:55
2021-01-19,laliga,Cadiz CF,Levante,https://www.playnow.com/sports/sports/event/10280740/soccer/europe/spanish-la-liga/cadiz-cf-v-levante-ud,1.08,8.5,1.38,2.9,2.2,1.62,3.9,1.22,7.5,1.07,0,0,"",,,,,,2021-01-18 01:51:35
2021-01-19,laliga,Alaves,Sevilla,https://www.playnow.com/sports/sports/event/10280739/soccer/europe/spanish-la-liga/deportivo-alaves-v-sevilla-fc,1.08,8.5,1.4,2.8,2.25,1.6,4,1.22,8,1.06,0,0,Over 3.5,4,0,8,0,3.22222222222222,2021-01-18 01:52:15
2021-01-12,laliga,Granada CF,Osasuna,https://www.playnow.com/sports/sports/event/10277835/soccer/europe/spanish-la-liga/granada-cf-v-ca-osasuna,1.09,7.5,1.44,2.7,2.35,1.57,4.25,1.2,8,1.05,0,0,Over 3.5,4.25,0,5,0,3.74193548387097,2021-01-11 04:43:53
2021-01-12,laliga,Atl. Madrid,Sevilla,https://www.playnow.com/sports/sports/event/10277834/soccer/europe/spanish-la-liga/atletico-madrid-v-sevilla-fc,1.1,7,1.47,2.6,2.45,1.5,4.5,1.18,8.5,1.05,0,0,Over 3.5,4.5,0.307692307692308,26,0.0905151392945465,3.39644970414201,2021-01-11 04:44:13
2021-01-11,laliga,Huesca,Betis,https://www.playnow.com/sports/sports/event/10277144/soccer/europe/spanish-la-liga/sd-huesca-v-real-betis-balompie,1.06,9,1.36,3,2.1,1.7,3.6,1.25,7,1.08,0,0,Over 3.5,3.6,0,1,0,2.63636363636364,2021-01-10 08:12:00
2021-01-11,laliga,Elche,Getafe,https://www.playnow.com/sports/sports/event/10277151/soccer/europe/spanish-la-liga/elche-cf-v-getafe-cf,1.14,5.75,1.62,2.2,3,1.36,5.75,1.11,11,1.02,0,0,Under 0.5,5.75,0,2,0,116.000000000001,2021-01-10 08:11:39
2021-01-10,laliga,Valladolid,Valencia,https://www.playnow.com/sports/sports/event/10277146/soccer/europe/spanish-la-liga/real-valladolid-v-valencia-cf,1.07,9,1.36,3,2.15,1.67,3.75,1.25,7,1.07,0,0,Over 3.5,3.75,0.285714285714286,21,0.0985807941917649,2.30662020905923,2021-01-09 07:58:46
2021-01-10,laliga,Levante,Eibar,https://www.playnow.com/sports/sports/event/10277147/soccer/europe/spanish-la-liga/levante-ud-v-sd-eibar,1.06,10,1.33,3.2,2,1.75,3.4,1.28,6.5,1.09,0,0,Over 3.5,3.4,0.4,5,0.219089023002066,1.85,2021-01-09 07:58:06
2021-01-10,laliga,Cadiz CF,Alaves,https://www.playnow.com/sports/sports/event/10277148/soccer/europe/spanish-la-liga/cadiz-cf-v-deportivo-alaves,1.13,6,1.6,2.25,2.8,1.4,5.5,1.13,10,1.03,0,0,Over 3.5,5.5,0,1,0,19.3333333333333,2021-01-09 07:58:27
2021-01-09,laliga,Sevilla,Real Sociedad,https://www.playnow.com/sports/sports/event/10277152/soccer/europe/spanish-la-liga/sevilla-fc-v-real-sociedad,1.09,7.5,1.44,2.7,2.35,1.57,4.25,1.2,8,1.06,0,0,Over 3.5,4.25,0.32,25,0.0932952303175248,2.86451612903226,2021-01-08 07:41:13
2021-01-09,laliga,Osasuna,Real Madrid,https://www.playnow.com/sports/sports/event/10277145/soccer/europe/spanish-la-liga/ca-osasuna-v-real-madrid,1.03,14,1.22,3.9,1.75,2,2.8,1.4,5,1.15,0,0,Over 4.5,5,0.25,20,0.0968245836551854,5.6875,2021-01-08 07:42:14
2021-01-09,laliga,Granada CF,Barcelona,https://www.playnow.com/sports/sports/event/10277149/soccer/europe/spanish-la-liga/granada-cf-v-fc-barcelona,0,0,1.14,5.75,1.47,2.6,2.15,1.67,3.5,1.28,6,1.1,Under 1.5,5.75,0.285714285714286,7,0.170746944190628,83.1428571428575,2021-01-08 07:41:54
2021-01-09,laliga,Atl. Madrid,Ath Bilbao,https://www.playnow.com/sports/sports/event/10277150/soccer/europe/spanish-la-liga/atletico-madrid-v-athletic-bilbao,1.1,7,1.5,2.5,2.5,1.5,4.75,1.16,9,1.04,0,0,Over 3.5,4.75,0.275862068965517,29,0.0829960921123194,4.27586206896552,2021-01-08 07:41:33
2021-01-08,laliga,Celta Vigo,Villarreal,https://www.playnow.com/sports/sports/event/10275757/soccer/europe/spanish-la-liga/rc-celta-de-vigo-v-villarreal-cf,1.08,8.5,1.38,2.9,2.2,1.62,3.9,1.22,7.5,1.07,0,0,Over 3.5,3.9,0.384615384615385,13,0.134932002970312,2.26315789473684,2021-01-08 07:40:53
2021-01-06,laliga,Ath Bilbao,Barcelona,https://www.playnow.com/sports/sports/event/10275745/soccer/europe/spanish-la-liga/athletic-bilbao-v-fc-barcelona,1.04,13,1.25,3.75,1.75,2,2.9,1.38,5.25,1.14,0,0,Over 4.5,5.25,0.0645161290322581,31,0.0441236525434219,9.92961876832845,2021-01-05 18:20:00
2021-01-04,laliga,Valencia,Cadiz CF,https://www.playnow.com/sports/sports/event/10272326/soccer/europe/spanish-la-liga/valencia-cf-v-cadiz-cf,1.08,8.5,1.44,2.75,2.3,1.57,4.25,1.2,8,1.06,0,0,Over 3.5,4.25,0.6,5,0.219089023002066,2.09677419354839,2021-01-03 08:26:57
2021-01-03,laliga,Real Sociedad,Osasuna,https://www.playnow.com/sports/sports/event/10272303/soccer/europe/spanish-la-liga/real-sociedad-v-ca-osasuna,1.05,11,1.3,3.4,1.9,1.83,3.25,1.3,6,1.11,0,0,Over 3.5,3.25,0.176470588235294,17,0.0924594409403972,2.04959630911188,2021-01-02 08:11:13
2021-01-03,laliga,Huesca,Barcelona,https://www.playnow.com/sports/sports/event/10272332/soccer/europe/spanish-la-liga/sd-huesca-v-fc-barcelona,0,0,1.15,5.25,1.5,2.45,2.25,1.6,3.75,1.25,6.5,1.09,Over 4.5,3.75,0,1,0,2.82926829268293,2021-01-02 08:11:55
2021-01-03,laliga,Eibar,Granada CF,https://www.playnow.com/sports/sports/event/10272328/soccer/europe/spanish-la-liga/sd-eibar-v-granada-cf,1.09,7.5,1.47,2.6,2.4,1.53,4.5,1.18,8.5,1.05,0,0,Over 3.5,4.5,0.5,4,0.25,2.73076923076923,2021-01-02 08:11:34
2021-01-03,laliga,Ath Bilbao,Elche,https://www.playnow.com/sports/sports/event/10272331/soccer/europe/spanish-la-liga/athletic-bilbao-v-elche-cf,1.08,8,1.44,2.7,2.3,1.57,4.25,1.2,8,1.06,0,0,Over 3.5,4.25,0.5,2,0.353553390593274,2.37096774193548,2021-01-02 08:10:30
2021-01-03,laliga,Alaves,Atl. Madrid,https://www.playnow.com/sports/sports/event/10272330/soccer/europe/spanish-la-liga/deportivo-alaves-v-atletico-madrid,1.08,8.5,1.4,2.75,2.25,1.6,4,1.2,8,1.06,0,0,Over 3.5,4,0.125,8,0.116926793336686,2.94444444444444,2021-01-02 08:10:52
2021-01-02,laliga,Villarreal,Levante,https://www.playnow.com/sports/sports/event/10272302/soccer/europe/spanish-la-liga/villarreal-cf-v-levante-ud,1.03,15,1.2,4.25,1.67,2.15,2.6,1.47,4.75,1.18,0,0,Over 4.5,4.75,0.1,10,0.0948683298050514,5.07142857142857,2021-01-01 07:56:39
2021-01-02,laliga,Real Madrid,Celta Vigo,https://www.playnow.com/sports/sports/event/10272333/soccer/europe/spanish-la-liga/real-madrid-v-rc-celta-de-vigo,1.02,18,1.18,4.75,1.57,2.3,2.4,1.53,4,1.22,0,0,Under 1.5,4.75,0.136363636363636,22,0.0731650049984536,4.90692640692641,2021-01-01 07:57:42
2021-01-02,laliga,Getafe,Valladolid,https://www.playnow.com/sports/sports/event/10272327/soccer/europe/spanish-la-liga/getafe-cf-v-real-valladolid,1.12,6.5,1.57,2.3,2.75,1.4,5.5,1.13,10,1.03,0,0,Over 3.5,5.5,0,7,0,19.3333333333333,2021-01-01 07:57:21
2021-01-02,laliga,Betis,Sevilla,https://www.playnow.com/sports/sports/event/10272329/soccer/europe/spanish-la-liga/real-betis-balompie-v-sevilla-fc,1.07,9,1.36,3,2.1,1.67,3.75,1.25,7,1.08,0,0,Over 3.5,3.75,0.142857142857143,21,0.0763603548321213,2.56794425087108,2021-01-01 07:57:00
2020-12-31,laliga,Osasuna,Alaves,https://www.playnow.com/sports/sports/event/10271650/soccer/europe/spanish-la-liga/ca-osasuna-v-deportivo-alaves,1.08,8.5,1.4,2.8,2.25,1.6,4,1.22,8,1.06,0,0,Over 3.5,4,0.5,6,0.204124145231932,2.11111111111111,2020-12-30 07:26:02
2020-12-31,laliga,Ath Bilbao,Real Sociedad,https://www.playnow.com/sports/sports/event/10271648/soccer/europe/spanish-la-liga/athletic-bilbao-v-real-sociedad,1.08,8,1.4,2.8,2.25,1.6,4,1.22,8,1.06,0,0,Over 3.5,4,0.178571428571429,28,0.0723788824444444,2.82539682539683,2020-12-30 07:25:41
2020-12-30,laliga,Granada CF,Valencia,https://www.playnow.com/sports/sports/event/10271645/soccer/europe/spanish-la-liga/granada-cf-v-valencia-cf,1.06,10,1.36,3,2.1,1.7,3.6,1.25,7,1.08,0,0,Over 3.5,3.6,0.285714285714286,7,0.170746944190628,2.16883116883117,2020-12-29 19:19:41
2020-12-30,laliga,Elche,Real Madrid,https://www.playnow.com/sports/sports/event/10271647/soccer/europe/spanish-la-liga/elche-cf-v-real-madrid,1.02,17,1.2,4.5,1.62,2.2,2.55,1.47,4.5,1.18,0,0,Under 1.5,4.5,0,2,0,4.46153846153846,2020-12-29 19:20:44
2020-12-30,laliga,Celta Vigo,Huesca,https://www.playnow.com/sports/sports/event/10271649/soccer/europe/spanish-la-liga/rc-celta-de-vigo-v-sd-huesca,1.05,11,1.3,3.4,1.95,1.8,3.25,1.3,6,1.1,0,0,Under 1.5,3.4,0,1,0,2.41666666666667,2020-12-29 19:20:23
2020-12-30,laliga,Atl. Madrid,Getafe,https://www.playnow.com/sports/sports/event/10271644/soccer/europe/spanish-la-liga/atletico-madrid-v-getafe-cf,1.09,7.5,1.5,2.5,2.5,1.5,4.75,1.16,9,1.04,0,0,Over 3.5,4.75,0.133333333333333,15,0.0877707451472511,4.92063492063492,2020-12-29 19:20:02
2020-12-23,laliga,Real Madrid,Granada CF,https://www.playnow.com/sports/sports/event/10266009/soccer/europe/spanish-la-liga/real-madrid-v-granada-cf,0,0,1.16,5,1.53,2.4,2.3,1.57,3.9,1.22,7,1.08,Under 1.5,5,0.142857142857143,7,0.132260014253222,6.35714285714286,2020-12-22 10:02:39
2020-12-23,laliga,Getafe,Celta Vigo,https://www.playnow.com/sports/sports/event/10266010/soccer/europe/spanish-la-liga/getafe-cf-v-rc-celta-de-vigo,1.09,7.5,1.44,2.65,2.4,1.53,4.5,1.18,8.5,1.05,0,0,Over 3.5,4.5,0.222222222222222,9,0.13857990321385,3.69230769230769,2020-12-22 10:02:17
2020-12-23,laliga,Betis,Cadiz CF,https://www.playnow.com/sports/sports/event/10265995/soccer/europe/spanish-la-liga/real-betis-balompie-v-cadiz-cf,1.08,8.5,1.4,2.8,2.25,1.6,4,1.22,8,1.06,0,0,Over 3.5,4,0,2,0,3.22222222222222,2020-12-22 10:03:21
2020-12-23,laliga,Alaves,Eibar,https://www.playnow.com/sports/sports/event/10266008/soccer/europe/spanish-la-liga/deportivo-alaves-v-sd-eibar,1.12,6,1.57,2.3,2.75,1.4,5.25,1.13,10,1.03,0,0,Over 3.5,5.25,0,4,0,10.5454545454546,2020-12-22 10:03:00
2020-12-22,laliga,Villarreal,Ath Bilbao,https://www.playnow.com/sports/sports/event/10265985/soccer/europe/spanish-la-liga/villarreal-cf-v-athletic-bilbao,1.07,8.5,1.4,2.9,2.2,1.62,4,1.22,7.5,1.07,0,0,Over 3.5,4,0.45,20,0.111242977306435,2.22222222222222,2020-12-21 09:51:29
2020-12-22,laliga,Valladolid,Barcelona,https://www.playnow.com/sports/sports/event/10265983/soccer/europe/spanish-la-liga/real-valladolid-v-fc-barcelona,0,0,1.15,5.25,1.5,2.45,2.25,1.6,3.75,1.25,7,1.09,Under 1.5,5.25,0.238095238095238,21,0.0929428640903365,8.27272727272728,2020-12-21 09:51:09
2020-12-22,laliga,Valencia,Sevilla,https://www.playnow.com/sports/sports/event/10265991/soccer/europe/spanish-la-liga/valencia-cf-v-sevilla-fc,1.06,9,1.36,3,2.1,1.7,3.6,1.25,7,1.08,0,0,Over 3.5,3.6,0.214285714285714,28,0.0775443069059728,2.28571428571429,2020-12-21 09:50:09
2020-12-22,laliga,Real Sociedad,Atl. Madrid,https://www.playnow.com/sports/sports/event/10265982/soccer/europe/spanish-la-liga/real-sociedad-v-atletico-madrid,1.09,8,1.44,2.7,2.3,1.57,4.25,1.2,8,1.06,0,0,Over 3.5,4.25,0.230769230769231,26,0.0826286393122422,3.10918114143921,2020-12-21 09:50:30
2020-12-22,laliga,Huesca,Levante,https://www.playnow.com/sports/sports/event/10265986/soccer/europe/spanish-la-liga/sd-huesca-v-levante-ud,1.05,12,1.28,3.6,1.87,1.9,3,1.36,5.75,1.12,0,0,Over 4.5,5.75,0,1,0,116.000000000001,2020-12-21 09:50:50
2020-12-22,laliga,Elche,Osasuna,https://www.playnow.com/sports/sports/event/10265989/soccer/europe/spanish-la-liga/elche-cf-v-ca-osasuna,1.1,7,1.5,2.5,2.5,1.5,4.75,1.16,9,1.04,0,0,Over 3.5,4.75,0,1,0,5.52380952380953,2020-12-21 09:49:49
2020-12-20,laliga,Granada CF,Betis,https://www.playnow.com/sports/sports/event/10260905/soccer/europe/spanish-la-liga/granada-cf-v-real-betis-balompie,1.05,11,1.3,3.25,1.95,1.8,3.25,1.3,6,1.1,0,0,Over 3.5,3.25,0.333333333333333,6,0.192450089729875,1.84967320261438,2020-12-19 09:23:40
2020-12-20,laliga,Eibar,Real Madrid,https://www.playnow.com/sports/sports/event/10260906/soccer/europe/spanish-la-liga/sd-eibar-v-real-madrid,1.04,14,1.25,3.9,1.75,2,2.8,1.4,5,1.14,0,0,Over 4.5,5,0.166666666666667,6,0.152145154862546,6.20833333333334,2020-12-19 09:24:22
2020-12-20,laliga,Celta Vigo,Alaves,https://www.playnow.com/sports/sports/event/10260851/soccer/europe/spanish-la-liga/rc-celta-de-vigo-v-deportivo-alaves,1.04,12,1.28,3.6,1.83,1.9,3,1.33,5.75,1.12,0,0,Over 4.5,5.75,0.1,10,0.0948683298050514,104.5,2020-12-19 09:23:19
2020-12-20,laliga,Cadiz CF,Getafe,https://www.playnow.com/sports/sports/event/10260904/soccer/europe/spanish-la-liga/cadiz-cf-v-getafe-cf,1.14,5.5,1.67,2.15,3,1.36,6,1.11,11,1.02,0,0,Under 0.5,5.5,0,1,0,19.3333333333333,2020-12-19 09:24:01
2020-12-19,laliga,Sevilla,Valladolid,https://www.playnow.com/sports/sports/event/10260907/soccer/europe/spanish-la-liga/sevilla-fc-v-real-valladolid,1.07,9,1.4,2.9,2.2,1.62,4,1.22,7.5,1.07,0,0,Over 3.5,4,0.277777777777778,18,0.105571798620291,2.60493827160494,2020-12-18 09:03:24
2020-12-19,laliga,Osasuna,Villarreal,https://www.playnow.com/sports/sports/event/10260898/soccer/europe/spanish-la-liga/ca-osasuna-v-villarreal-cf,1.07,9,1.36,3,2.1,1.67,3.75,1.25,7,1.08,0,0,Over 3.5,3.75,0.333333333333333,15,0.121716123890037,2.21951219512195,2020-12-18 09:02:37
2020-12-19,laliga,Levante,Real Sociedad,https://www.playnow.com/sports/sports/event/10260901/soccer/europe/spanish-la-liga/levante-ud-v-real-sociedad,1.05,11,1.28,3.4,1.9,1.83,3.2,1.33,6,1.11,0,0,Under 1.5,3.4,0.0909090909090909,11,0.0866784172041448,2.28787878787879,2020-12-18 09:02:58
2020-12-19,laliga,Barcelona,Valencia,https://www.playnow.com/sports/sports/event/10260903/soccer/europe/spanish-la-liga/fc-barcelona-v-valencia-cf,0,0,1.1,7,1.36,3,1.9,1.83,3,1.36,5,1.15,Over 5.5,5,0.225806451612903,31,0.0750951864835326,5.83870967741936,2020-12-18 09:02:16
2020-12-19,laliga,Atl. Madrid,Elche,https://www.playnow.com/sports/sports/event/10260900/soccer/europe/spanish-la-liga/atletico-madrid-v-elche-cf,1.05,10,1.33,3.2,2,1.75,3.5,1.28,6.5,1.09,0,0,Over 3.5,3.5,0,2,0,2.52173913043478,2020-12-18 09:01:55
2020-12-18,laliga,Ath Bilbao,Huesca,https://www.playnow.com/sports/sports/event/10260899/soccer/europe/spanish-la-liga/athletic-bilbao-v-sd-huesca,1.1,7,1.47,2.55,2.5,1.5,4.75,1.16,9,1.04,0,0,Over 3.5,4.75,1,1,0,1,2020-12-17 08:36:00
2020-12-16,laliga,Barcelona,Real Sociedad,https://www.playnow.com/sports/sports/event/10260902/soccer/europe/spanish-la-liga/fc-barcelona-v-real-sociedad,0,0,1.16,5,1.53,2.4,2.3,1.57,3.9,1.22,7,1.08,Under 1.5,5,0.25,28,0.0818317088384971,5.6875,2020-12-15 00:12:53
2020-12-15,laliga,Real Madrid,Ath Bilbao,https://www.playnow.com/sports/sports/event/10262115/soccer/europe/spanish-la-liga/real-madrid-v-athletic-bilbao,1.04,14,1.25,3.9,1.75,2,2.9,1.38,5.25,1.14,0,0,Over 4.5,5.25,0.32258064516129,31,0.0839589708801012,7.46627565982405,2020-12-14 11:59:31
2020-12-14,laliga,Celta Vigo,Cadiz CF,https://www.playnow.com/sports/sports/event/10255676/soccer/europe/spanish-la-liga/rc-celta-de-vigo-v-cadiz-cf,1.07,8.5,1.4,2.8,2.2,1.62,4,1.22,7.5,1.06,0,0,Over 3.5,4,0.333333333333333,3,0.272165526975909,2.48148148148148,2020-12-13 11:41:38
2020-12-13,laliga,Real Sociedad,Eibar,https://www.playnow.com/sports/sports/event/10255659/soccer/europe/spanish-la-liga/real-sociedad-v-sd-eibar,1.06,10,1.36,3,2.1,1.7,3.75,1.25,7,1.08,0,0,Over 3.5,3.75,0.5,6,0.204124145231932,1.91463414634146,2020-12-12 11:25:52
2020-12-13,laliga,Elche,Granada CF,https://www.playnow.com/sports/sports/event/10255672/soccer/europe/spanish-la-liga/elche-cf-v-granada-cf,1.1,7,1.5,2.5,2.5,1.5,4.75,1.16,9,1.04,0,0,Over 3.5,4.75,0,2,0,5.52380952380953,2020-12-12 11:26:34
2020-12-13,laliga,Betis,Villarreal,https://www.playnow.com/sports/sports/event/10255658/soccer/europe/spanish-la-liga/real-betis-balompie-v-villarreal-cf,1.04,12,1.28,3.5,1.87,1.87,3.2,1.33,5.75,1.12,0,0,Over 4.5,5.75,0.1875,16,0.097578093724975,94.4375000000004,2020-12-12 11:26:13
2020-12-13,laliga,Barcelona,Levante,https://www.playnow.com/sports/sports/event/10255678/soccer/europe/spanish-la-liga/fc-barcelona-v-levante-ud,0,0,1.07,8.5,1.28,3.5,1.7,2.05,2.6,1.47,4.25,1.2,Over 5.5,4.25,0.166666666666667,12,0.107582870727984,3.28494623655914,2020-12-12 11:26:54
2020-12-12,laliga,Valencia,Ath Bilbao,https://www.playnow.com/sports/sports/event/10255673/soccer/europe/spanish-la-liga/valencia-cf-v-athletic-bilbao,1.09,8,1.44,2.7,2.3,1.57,4.25,1.2,8,1.06,0,0,Over 3.5,4.25,0.32258064516129,31,0.0839589708801012,2.85744016649324,2020-12-11 01:20:40
2020-12-12,laliga,Real Madrid,Atl. Madrid,https://www.playnow.com/sports/sports/event/10251507/soccer/europe/spanish-la-liga/real-madrid-v-atletico-madrid,1.07,9,1.36,3,2.15,1.67,3.75,1.25,7,1.07,0,0,Over 3.5,3.75,0.310344827586207,29,0.0859091170900758,2.26156433978133,2020-12-11 01:21:39
2020-12-12,laliga,Huesca,Alaves,https://www.playnow.com/sports/sports/event/10255675/soccer/europe/spanish-la-liga/sd-huesca-v-deportivo-alaves,1.08,8.5,1.4,2.8,2.25,1.6,4,1.22,7.5,1.06,0,0,Under 1.5,2.8,0,1,0,1.93333333333333,2020-12-11 01:21:20
2020-12-12,laliga,Getafe,Sevilla,https://www.playnow.com/sports/sports/event/10255677/soccer/europe/spanish-la-liga/getafe-cf-v-sevilla-fc,1.1,7,1.5,2.45,2.55,1.47,5,1.15,9,1.04,0,0,Over 3.5,5,0.2,15,0.103279555898864,6,2020-12-11 01:21:00
2020-12-11,laliga,Valladolid,Osasuna,https://www.playnow.com/sports/sports/event/10255674/soccer/europe/spanish-la-liga/real-valladolid-v-ca-osasuna,1.09,7.5,1.44,2.7,2.35,1.57,4.25,1.2,8.5,1.05,0,0,Over 3.5,4.25,0.0714285714285714,14,0.0688302936899594,3.54608294930876,2020-12-10 00:51:33
2020-12-07,laliga,Eibar,Valencia,https://www.playnow.com/sports/sports/event/10250319/soccer/europe/spanish-la-liga/sd-eibar-v-valencia-cf,1.08,8,1.4,2.8,2.25,1.6,4,1.22,8,1.06,0,0,Over 3.5,4,0,6,0,3.22222222222222,2020-12-06 23:30:06
2020-12-06,laliga,Villarreal,Elche,https://www.playnow.com/sports/sports/event/10250323/soccer/europe/spanish-la-liga/villarreal-cf-v-elche-cf,1.03,15,1.22,4.25,1.67,2.1,2.7,1.44,4.75,1.16,0,0,Over 4.5,4.75,0,2,0,5.52380952380953,2020-12-05 11:22:35
2020-12-06,laliga,Osasuna,Betis,https://www.playnow.com/sports/sports/event/10250317/soccer/europe/spanish-la-liga/ca-osasuna-v-real-betis-balompie,1.06,10,1.33,3.2,2,1.75,3.5,1.28,6.5,1.09,0,0,Over 3.5,3.5,0.142857142857143,14,0.0935219529582825,2.30434782608696,2020-12-05 11:22:15
2020-12-06,laliga,Granada CF,Huesca,https://www.playnow.com/sports/sports/event/10250321/soccer/europe/spanish-la-liga/granada-cf-v-sd-huesca,1.09,7.5,1.44,2.65,2.4,1.53,4.25,1.18,8.5,1.05,0,0,"",,,,,,2020-12-05 11:21:54
2020-12-06,laliga,Alaves,Real Sociedad,https://www.playnow.com/sports/sports/event/10250318/soccer/europe/spanish-la-liga/deportivo-alaves-v-real-sociedad,1.07,9,1.38,2.9,2.15,1.67,3.9,1.25,7.5,1.07,0,0,Over 3.5,3.9,0.2,10,0.126491106406735,2.64210526315789,2020-12-05 11:22:56
2020-12-05,laliga,Sevilla,Real Madrid,https://www.playnow.com/sports/sports/event/10253329/soccer/europe/spanish-la-liga/sevilla-fc-v-real-madrid,1.04,13,1.22,4,1.75,2,2.8,1.4,5,1.15,0,0,Over 4.5,5,0.321428571428571,28,0.0882594076122765,5.24107142857143,2020-12-04 23:14:56
2020-12-05,laliga,Levante,Getafe,https://www.playnow.com/sports/sports/event/10250322/soccer/europe/spanish-la-liga/levante-ud-v-getafe-cf,1.09,8,1.4,2.75,2.3,1.57,4.25,1.2,8,1.06,0,0,Over 3.5,4.25,0.0833333333333334,12,0.0797855923130282,3.51344086021506,2020-12-04 23:14:35
2020-12-05,laliga,Cadiz CF,Barcelona,https://www.playnow.com/sports/sports/event/10250320/soccer/europe/spanish-la-liga/cadiz-cf-v-fc-barcelona,1.02,17,1.2,4.5,1.62,2.2,2.5,1.5,4.5,1.18,0,0,Under 1.5,4.5,0,5,0,4.46153846153846,2020-12-04 23:15:38
2020-12-05,laliga,Atl. Madrid,Valladolid,https://www.playnow.com/sports/sports/event/10253330/soccer/europe/spanish-la-liga/atletico-madrid-v-real-valladolid,1.07,9,1.38,2.9,2.15,1.62,3.9,1.22,7.5,1.07,0,0,Over 3.5,3.9,0.421052631578947,19,0.113268965652415,2.18836565096953,2020-12-04 23:15:17
2020-12-04,laliga,Ath Bilbao,Celta Vigo,https://www.playnow.com/sports/sports/event/10250324/soccer/europe/spanish-la-liga/athletic-bilbao-v-rc-celta-de-vigo,1.08,8,1.4,2.8,2.25,1.6,4,1.22,8,1.06,0,0,Over 3.5,4,0.173913043478261,23,0.0790341964475118,2.83574879227053,2020-12-03 10:42:07
2020-11-30,laliga,Betis,Eibar,https://www.playnow.com/sports/sports/event/10245967/soccer/europe/spanish-la-liga/real-betis-balompie-v-sd-eibar,1.05,11,1.28,3.4,1.9,1.83,3.2,1.33,6,1.11,0,0,Under 1.5,3.4,0,5,0,2.41666666666667,2020-11-29 05:52:40
2020-11-29,laliga,Real Sociedad,Villarreal,https://www.playnow.com/sports/sports/event/10245971/soccer/europe/spanish-la-liga/real-sociedad-v-villarreal-cf,1.04,13,1.25,3.75,1.8,1.95,2.9,1.38,5.25,1.13,0,0,Over 4.5,5.25,0,17,0,10.5454545454546,2020-11-28 05:37:44
2020-11-29,laliga,Getafe,Ath Bilbao,https://www.playnow.com/sports/sports/event/10245969/soccer/europe/spanish-la-liga/getafe-cf-v-athletic-bilbao,1.13,6,1.57,2.3,2.8,1.4,5.5,1.13,10,1.03,0,0,Over 3.5,5.5,0.2,15,0.103279555898864,15.6666666666667,2020-11-28 05:37:02
2020-11-29,laliga,Celta Vigo,Granada CF,https://www.playnow.com/sports/sports/event/10245968/soccer/europe/spanish-la-liga/rc-celta-de-vigo-v-granada-cf,1.08,8.5,1.4,2.8,2.2,1.62,4,1.22,7.5,1.07,0,0,Over 3.5,4,0.166666666666667,6,0.152145154862546,2.85185185185185,2020-11-28 05:37:23
2020-11-29,laliga,Barcelona,Osasuna,https://www.playnow.com/sports/sports/event/10245966/soccer/europe/spanish-la-liga/fc-barcelona-v-ca-osasuna,0,0,1.13,6,1.44,2.7,2.05,1.7,3.4,1.3,5.75,1.11,Over 5.5,5.75,0.238095238095238,21,0.0929428640903365,88.619047619048,2020-11-28 05:36:42
2020-11-28,laliga,Valencia,Atl. Madrid,https://www.playnow.com/sports/sports/event/10245973/soccer/europe/spanish-la-liga/valencia-cf-v-atletico-madrid,1.06,10,1.36,3,2.05,1.7,3.6,1.25,7,1.08,0,0,Over 3.5,3.6,0.379310344827586,29,0.0901022421425571,2.01567398119122,2020-11-27 05:17:49
2020-11-28,laliga,Real Madrid,Alaves,https://www.playnow.com/sports/sports/event/10245974/soccer/europe/spanish-la-liga/real-madrid-v-deportivo-alaves,1.02,19,1.18,5,1.57,2.35,2.35,1.53,4,1.22,0,0,Under 1.5,5,0.1,10,0.0948683298050514,6.625,2020-11-27 05:18:31
2020-11-28,laliga,Huesca,Sevilla,https://www.playnow.com/sports/sports/event/10245975/soccer/europe/spanish-la-liga/sd-huesca-v-sevilla-fc,1.08,8.5,1.4,2.8,2.2,1.62,4,1.22,7.5,1.07,0,0,Over 3.5,4,0,1,0,3.22222222222222,2020-11-27 05:18:09
2020-11-28,laliga,Elche,Cadiz CF,https://www.playnow.com/sports/sports/event/10245970/soccer/europe/spanish-la-liga/elche-cf-v-cadiz-cf,1.11,6.5,1.53,2.4,2.65,1.44,5,1.14,10,1.03,0,0,"",,,,,,2020-11-27 05:17:28
2020-11-27,laliga,Valladolid,Levante,https://www.playnow.com/sports/sports/event/10245972/soccer/europe/spanish-la-liga/real-valladolid-v-levante-ud,1.07,9,1.36,3,2.1,1.67,3.75,1.25,7,1.08,0,0,Over 3.5,3.75,0,5,0,2.82926829268293,2020-11-26 16:59:29
2020-11-23,laliga,Ath Bilbao,Betis,https://www.playnow.com/sports/sports/event/10237550/soccer/europe/spanish-la-liga/athletic-bilbao-v-real-betis-balompie,1.07,9,1.38,2.9,2.2,1.62,3.9,1.22,7.5,1.07,0,0,Over 3.5,3.9,0.260869565217391,23,0.0915605371517001,2.51716247139588,2020-11-22 04:26:41
2020-11-22,laliga,Granada CF,Valladolid,https://www.playnow.com/sports/sports/event/10237543/soccer/europe/spanish-la-liga/granada-cf-v-real-valladolid,1.11,6.5,1.53,2.4,2.6,1.44,5,1.15,10,1.04,0,0,Over 3.5,5,0.333333333333333,3,0.272165526975909,5.16666666666667,2020-11-21 10:05:19
2020-11-22,laliga,Eibar,Getafe,https://www.playnow.com/sports/sports/event/10237539/soccer/europe/spanish-la-liga/sd-eibar-v-getafe-cf,1.14,5.75,1.62,2.2,3,1.36,5.75,1.11,11,1.02,0,0,Under 0.5,5.75,0,5,0,116.000000000001,2020-11-21 10:04:35
2020-11-22,laliga,Cadiz CF,Real Sociedad,https://www.playnow.com/sports/sports/event/10237540/soccer/europe/spanish-la-liga/cadiz-cf-v-real-sociedad,1.08,8.5,1.4,2.75,2.3,1.6,4.25,1.2,8,1.06,0,0,Over 3.5,4.25,0.2,5,0.178885438199983,3.19354838709678,2020-11-21 10:04:56
2020-11-22,laliga,Alaves,Valencia,https://www.playnow.com/sports/sports/event/10237551/soccer/europe/spanish-la-liga/deportivo-alaves-v-valencia-cf,1.08,8.5,1.4,2.8,2.2,1.62,4,1.22,7.5,1.06,0,0,Over 3.5,4,0,10,0,3.22222222222222,2020-11-21 10:05:40
2020-11-21,laliga,Villarreal,Real Madrid,https://www.playnow.com/sports/sports/event/10237548/soccer/europe/spanish-la-liga/villarreal-cf-v-real-madrid,1.02,18,1.16,5,1.57,2.35,2.35,1.57,4,1.22,0,0,Under 1.5,5,0.3,20,0.102469507659596,5.375,2020-11-20 22:51:01
2020-11-21,laliga,Sevilla,Celta Vigo,https://www.playnow.com/sports/sports/event/10237545/soccer/europe/spanish-la-liga/sevilla-fc-v-rc-celta-de-vigo,1.08,8.5,1.4,2.8,2.2,1.62,4,1.22,7.5,1.07,0,0,Over 3.5,4,0.15,20,0.0798435971133566,2.88888888888889,2020-11-20 22:51:22
2020-11-21,laliga,Levante,Elche,https://www.playnow.com/sports/sports/event/10237547/soccer/europe/spanish-la-liga/levante-ud-v-elche-cf,1.04,14,1.25,3.9,1.75,2,2.9,1.38,5.25,1.14,0,0,Over 4.5,5.25,0,2,0,10.5454545454546,2020-11-20 22:50:40
2020-11-21,laliga,Atl. Madrid,Barcelona,https://www.playnow.com/sports/sports/event/10237544/soccer/europe/spanish-la-liga/atletico-madrid-v-fc-barcelona,1.04,13,1.25,3.75,1.8,1.95,2.9,1.38,5.25,1.14,0,0,Over 4.5,5.25,0.241379310344828,29,0.0794627084261766,8.24137931034484,2020-11-20 22:51:45
2020-11-20,laliga,Osasuna,Huesca,https://www.playnow.com/sports/sports/event/10237546/soccer/europe/spanish-la-liga/ca-osasuna-v-sd-huesca,1.08,8,1.4,2.75,2.3,1.57,4.25,1.2,8,1.06,0,0,"",,,,,,2020-11-19 09:49:44
2020-11-08,laliga,Valladolid,Ath Bilbao,https://www.playnow.com/sports/sports/event/10231177/real-valladolid-v-athletic-bilbao,1.13,6,1.6,2.25,2.8,1.4,5.5,1.13,10,1.03,0,0,Over 3.5,5.5,0.19047619047619,21,0.0856890867468988,15.8412698412698,2020-11-07 08:23:58
2020-11-08,laliga,Valencia,Real Madrid,https://www.playnow.com/sports/sports/event/10231176/valencia-cf-v-real-madrid,1.02,17,1.18,4.75,1.57,2.3,2.45,1.53,4.25,1.2,0,0,Under 1.5,4.75,0.129032258064516,31,0.0602100984037021,4.94009216589862,2020-11-07 08:24:18
2020-11-08,laliga,Real Sociedad,Granada CF,https://www.playnow.com/sports/sports/event/10231180/real-sociedad-v-granada-cf,1.05,11,1.3,3.25,1.95,1.8,3.4,1.28,6.5,1.1,0,0,Over 3.5,3.4,0.285714285714286,7,0.170746944190628,2.01190476190476,2020-11-07 08:23:15
2020-11-08,laliga,Levante,Alaves,https://www.playnow.com/sports/sports/event/10231174/levante-ud-v-deportivo-alaves,1.06,10,1.33,3.2,2.05,1.75,3.5,1.28,6.5,1.09,0,0,Over 3.5,3.5,0,3,0,2.52173913043478,2020-11-07 08:23:36
2020-11-08,laliga,Getafe,Villarreal,https://www.playnow.com/sports/sports/event/10231175/getafe-cf-v-villarreal-cf,1.1,7.5,1.47,2.6,2.45,1.5,4.5,1.18,8.5,1.05,0,0,Over 3.5,4.5,0.285714285714286,14,0.120736322104074,3.47252747252747,2020-11-07 08:22:54
2020-11-07,laliga,Sevilla,Osasuna,https://www.playnow.com/sports/sports/event/10231179/sevilla-fc-v-ca-osasuna,1.08,8.5,1.4,2.8,2.25,1.6,4,1.22,8,1.06,0,0,Over 3.5,4,0.1,20,0.0670820393249937,3,2020-11-06 04:27:19
2020-11-07,laliga,Huesca,Eibar,https://www.playnow.com/sports/sports/event/10231182/sd-huesca-v-sd-eibar,1.11,7,1.53,2.4,2.6,1.44,5,1.15,10,1.04,0,0,Over 3.5,5,0,1,0,7.25,2020-11-06 04:26:38
2020-11-07,laliga,Barcelona,Betis,https://www.playnow.com/sports/sports/event/10231171/fc-barcelona-v-real-betis-balompie,0,0,1.14,5.75,1.47,2.6,2.15,1.67,3.5,1.28,6,1.1,Under 1.5,5.75,0.0434782608695652,23,0.0425225779932022,111.000000000001,2020-11-06 04:26:58
2020-11-07,laliga,Atl. Madrid,Cadiz CF,https://www.playnow.com/sports/sports/event/10231181/atletico-madrid-v-cadiz-cf,1.09,7.5,1.47,2.6,2.4,1.53,4.5,1.18,8.5,1.05,0,0,Over 3.5,4.5,0.2,5,0.178885438199983,3.76923076923077,2020-11-06 04:27:40
2020-11-06,laliga,Elche,Celta Vigo,https://www.playnow.com/sports/sports/event/10231172/elche-cf-v-rc-celta-de-vigo,1.09,7.5,1.47,2.55,2.45,1.53,4.5,1.18,8.5,1.05,0,0,Over 4.5,8.5,0,2,0,6.3125,2020-11-05 00:33:33
2020-11-02,laliga,Villarreal,Valladolid,https://www.playnow.com/sports/sports/event/10224732/villarreal-cf-v-real-valladolid,1.06,10,1.33,3.2,2,1.75,3.4,1.28,6.5,1.09,0,0,Over 4.5,6.5,0,11,0,5.0625,2020-11-01 15:49:20
2020-11-01,laliga,Valencia,Getafe,https://www.playnow.com/sports/sports/event/10224734/valencia-cf-v-getafe-cf,1.12,6,1.57,2.3,2.75,1.4,5.25,1.13,10,1.03,0,0,Under 0.5,6,0.0666666666666667,15,0.0644061188719531,3.66666666666666,2020-10-31 14:14:26
2020-11-01,laliga,Granada CF,Levante,https://www.playnow.com/sports/sports/event/10226096/granada-cf-v-levante-ud,1.07,9,1.36,2.9,2.15,1.67,3.75,1.25,7.5,1.07,0,0,Over 4.5,7.5,0.166666666666667,6,0.152145154862546,11.4166666666667,2020-10-31 13:37:52
2020-11-01,laliga,Celta Vigo,Real Sociedad,https://www.playnow.com/sports/sports/event/10224731/rc-celta-de-vigo-v-real-sociedad,1.08,8.5,1.38,2.9,2.2,1.62,4,1.22,7.5,1.07,0,0,Over 4.5,7.5,0.260869565217391,23,0.0915605371517001,10.2391304347826,2020-10-31 13:37:29
2020-11-01,laliga,Betis,Elche,https://www.playnow.com/sports/sports/event/10224728/real-betis-balompie-v-elche-cf,1.04,13,1.25,3.6,1.8,1.95,3,1.36,5.5,1.13,0,0,Over 4.5,5.5,0,1,0,3.11538461538461,2020-10-31 13:37:07
2020-10-31,laliga,Real Madrid,Huesca,https://www.playnow.com/sports/sports/event/10226095/real-madrid-v-sd-huesca,1.03,15,1.22,4.25,1.67,2.1,2.7,1.44,4.75,1.16,0,0,Under 1.5,4.25,0,1,0,2.1038961038961,2020-10-30 05:27:15
2020-10-31,laliga,Osasuna,Atl. Madrid,https://www.playnow.com/sports/sports/event/10224727/ca-osasuna-v-atletico-madrid,1.08,8,1.44,2.7,2.3,1.57,4.25,1.2,8,1.06,0,0,Under 0.5,8,0.0526315789473684,19,0.0512278171991882,76.7894736842095,2020-10-30 05:28:08
2020-10-31,laliga,Ath Bilbao,Sevilla,https://www.playnow.com/sports/sports/event/10224729/athletic-bilbao-v-sevilla-fc,1.11,6.5,1.5,2.45,2.6,1.47,5,1.16,9,1.04,0,0,Under 0.5,6.5,0.0357142857142857,28,0.0350707323593559,4.91741071428571,2020-10-30 05:27:44
2020-10-31,laliga,Alaves,Barcelona,https://www.playnow.com/sports/sports/event/10224730/deportivo-alaves-v-fc-barcelona,1.03,17,1.2,4.5,1.62,2.2,2.55,1.47,4.5,1.18,0,0,Under 1.5,4.5,0.3,10,0.144913767461894,1.875,2020-10-30 05:28:30
2020-10-30,laliga,Eibar,Cadiz CF,https://www.playnow.com/sports/sports/event/10224733/sd-eibar-v-cadiz-cf,1.13,5.75,1.62,2.2,2.9,1.38,5.75,1.12,11,1.02,0,0,"",,,,,,2020-10-29 05:25:12
2020-10-26,laliga,Levante,Celta Vigo,https://www.playnow.com/sports/sports/event/10215257/levante-ud-v-rc-celta-de-vigo,1.06,10,1.33,3.2,2,1.75,3.5,1.28,6.5,1.09,0,0,Over 3.5,3.5,0.125,8,0.116926793336686,2.33152173913043,2020-10-25 05:55:51
2020-10-25,laliga,Valladolid,Alaves,https://www.playnow.com/sports/sports/event/10215262/real-valladolid-v-deportivo-alaves,1.14,5.5,1.67,2.15,3,1.36,6,1.11,11,1.02,0,0,Under 0.5,5.5,0,7,0,19.3333333333333,2020-10-24 06:52:33
2020-10-25,laliga,Real Sociedad,Huesca,https://www.playnow.com/sports/sports/event/10215267/real-sociedad-v-sd-huesca,1.07,9,1.38,2.9,2.15,1.62,3.9,1.22,7.5,1.07,0,0,Over 3.5,3.9,0,1,0,3.05263157894737,2020-10-24 06:54:03
2020-10-25,laliga,Getafe,Granada CF,https://www.playnow.com/sports/sports/event/10215266/getafe-cf-v-granada-cf,1.14,5.5,1.67,2.15,3,1.36,6,1.11,11,1.02,0,0,Under 0.5,5.5,0,6,0,19.3333333333333,2020-10-24 06:53:22
2020-10-25,laliga,Cadiz CF,Villarreal,https://www.playnow.com/sports/sports/event/10215259/cadiz-cf-v-villarreal-cf,1.08,8,1.44,2.7,2.3,1.57,4.25,1.2,8,1.06,0,0,Over 3.5,4.25,0,1,0,3.74193548387097,2020-10-24 06:53:01
2020-10-24,laliga,Sevilla,Eibar,https://www.playnow.com/sports/sports/event/10215264/sevilla-fc-v-sd-eibar,1.06,10,1.33,3.2,2,1.75,3.5,1.28,6.5,1.09,0,0,Over 3.5,3.5,0.166666666666667,6,0.152145154862546,2.26811594202899,2020-10-23 03:12:00
2020-10-24,laliga,Osasuna,Ath Bilbao,https://www.playnow.com/sports/sports/event/10215261/ca-osasuna-v-athletic-bilbao,1.12,6.5,1.53,2.4,2.65,1.44,5,1.14,10,1.03,0,0,Over 3.5,5,0.142857142857143,21,0.0763603548321213,6.35714285714286,2020-10-23 03:11:38
2020-10-24,laliga,Barcelona,Real Madrid,https://www.playnow.com/sports/sports/event/10215260/fc-barcelona-v-real-madrid,1.03,16,1.2,4.5,1.62,2.2,2.55,1.47,4.5,1.18,0,0,Over 4.5,4.5,0.129032258064516,31,0.0602100984037021,4.01488833746898,2020-10-23 03:11:15
2020-10-24,laliga,Atl. Madrid,Betis,https://www.playnow.com/sports/sports/event/10215263/atletico-madrid-v-real-betis-balompie,1.06,10,1.33,3.2,2,1.75,3.5,1.28,6.5,1.09,0,0,Over 3.5,3.5,0.227272727272727,22,0.089346067398511,2.17588932806324,2020-10-23 03:12:27
2020-10-23,laliga,Elche,Valencia,https://www.playnow.com/sports/sports/event/10215258/elche-cf-v-valencia-cf,1.08,8.5,1.4,2.8,2.25,1.62,4,1.22,7.5,1.06,0,0,Over 3.5,4,0.5,2,0.353553390593274,2.11111111111111,2020-10-22 02:10:43
2020-10-18,laliga,Villarreal,Valencia,https://www.playnow.com/sports/sports/event/10213361/villarreal-cf-v-valencia-cf,1.03,15,1.22,4.25,1.67,2.1,2.65,1.44,4.75,1.16,0,0,Over 4.5,4.75,0.05,20,0.048733972,4.61,10/17/2020 3:48
2020-10-18,laliga,Huesca,Valladolid,https://www.playnow.com/sports/sports/event/10213360/sd-huesca-v-real-valladolid,1.12,6,1.57,2.3,2.75,1.4,5.5,1.13,10,1.03,0,0,Over 3.5,5.5,1,1,0,1,10/17/2020 3:49
2020-10-18,laliga,Eibar,Osasuna,https://www.playnow.com/sports/sports/event/10213359/sd-eibar-v-ca-osasuna,1.1,7,1.5,2.5,2.5,1.5,4.75,1.16,9,1.04,0,0,Over 3.5,4.75,0.5,2,0.353553391,2.9,10/17/2020 3:47
2020-10-18,laliga,Betis,Real Sociedad,https://www.playnow.com/sports/sports/event/10213356/real-betis-balompie-v-real-sociedad,1.04,13,1.25,3.75,1.8,1.95,2.9,1.38,5.25,1.13,0,0,Over 4.5,5.25,0.19047619,21,0.085689087,6.666666667,10/17/2020 3:49
2020-10-18,laliga,Ath Bilbao,Levante,https://www.playnow.com/sports/sports/event/10213355/athletic-bilbao-v-levante-ud,1.07,9,1.38,2.9,2.15,1.62,3.9,1.22,7.5,1.07,0,0,Over 3.5,3.9,0.333333333,12,0.136082763,2.238095238,10/17/2020 3:48
2020-10-18,laliga,Alaves,Elche,https://www.playnow.com/sports/sports/event/10213357/deportivo-alaves-v-elche-cf,1.11,7,1.53,2.4,2.6,1.47,5,1.15,9,1.04,0,0,"",,,,,,10/17/2020 3:49
2020-10-17,laliga,Real Madrid,Cadiz CF,https://www.playnow.com/sports/sports/event/10213353/real-madrid-v-cadiz-cf,1.02,18,1.18,4.75,1.57,2.3,2.45,1.53,4.25,1.2,0,0,Under 1.5,4.75,0,5,0,4.8,10/16/2020 1:54
2020-10-17,laliga,Granada CF,Sevilla,https://www.playnow.com/sports/sports/event/10213358/granada-cf-v-sevilla-fc,1.07,9,1.38,2.9,2.15,1.62,3.9,1.22,7.5,1.07,0,0,Over 3.5,3.9,0,7,0,2.857142857,10/16/2020 1:53
2020-10-17,laliga,Getafe,Barcelona,https://www.playnow.com/sports/sports/event/10213349/fe-cf-getafe-v-fc-barcelona,1.05,11,1.3,3.4,1.9,1.83,3.25,1.3,6,1.11,0,0,"",,,,,,10/17/2020 3:47
2020-10-17,laliga,Celta Vigo,Atl. Madrid,https://www.playnow.com/sports/sports/event/10213354/rc-celta-de-vigo-v-atletico-madrid,1.09,8,1.44,2.65,2.35,1.57,4.25,1.2,8.5,1.05,0,0,Over 3.5,4.25,0.238095238,21,0.092942864,2.850340136,10/16/2020 1:54
2020-10-04,laliga,Osasuna,Celta Vigo,https://www.playnow.com/sports/sports/event/10209829/ca-osasuna-v-rc-celta-de-vigo,1.09,7,1.44,2.65,2.35,1.53,4.25,1.2,8.5,1.05,0,0,"",,,,,,10/3/2020 2:04
2020-10-04,laliga,Levante,Real Madrid,https://www.playnow.com/sports/sports/event/10209831/levante-ud-v-real-madrid,0,0,1.15,5.25,1.5,2.5,2.2,1.62,3.75,1.25,6.5,1.09,Under 3.5,1.62,0.583333333,12,0.142318761,0.027763158,10/3/2020 2:05
2020-10-04,laliga,Cadiz CF,Granada CF,https://www.playnow.com/sports/sports/event/10209830/cadiz-cf-v-granada-cf,1.13,5.25,1.62,2.2,2.9,1.38,5.75,1.12,11,1.02,0,0,"",,,,,,10/3/2020 2:05
2020-10-04,laliga,Barcelona,Sevilla,https://www.playnow.com/sports/sports/event/10209832/fc-barcelona-v-sevilla-fc,0,0,1.16,5,1.53,2.35,2.3,1.57,4,1.22,7,1.08,Under 3.5,1.57,0.571428571,28,0.093521953,0.025647841,10/3/2020 2:06
2020-10-04,laliga,Alaves,Ath Bilbao,https://www.playnow.com/sports/sports/event/10209833/deportivo-alaves-v-athletic-bilbao,1.13,5.5,1.6,2.2,2.8,1.4,5.5,1.12,10,1.03,0,0,Over 1.5,1.6,0.7,10,0.144913767,0.022,10/3/2020 2:04
2020-10-03,laliga,Valladolid,Eibar,https://www.playnow.com/sports/sports/event/10209840/real-valladolid-v-sd-eibar,1.11,6,1.5,2.4,2.6,1.47,5,1.15,9,1.04,0,0,Under 0.5,6,0.5,2,0.353553391,0.0025,10/2/2020 22:56
2020-10-03,laliga,Valencia,Betis,https://www.playnow.com/sports/sports/event/10209842/valencia-cf-v-real-betis-balompie,1.05,10,1.28,3.4,1.9,1.83,3.2,1.33,6,1.11,0,0,"",,,,,,10/2/2020 22:57
2020-10-03,laliga,Real Sociedad,Getafe,https://www.playnow.com/sports/sports/event/10209841/real-sociedad-v-getafe-cf,1.1,6.5,1.5,2.5,2.5,1.5,4.75,1.16,9,1.04,0,0,"",,,,,,10/2/2020 22:57
2020-10-03,laliga,Elche,Huesca,https://www.playnow.com/sports/sports/event/10209843/elche-cf-v-sd-huesca,1.09,6.5,1.47,2.55,2.45,1.53,4.5,1.18,8.5,1.05,0,0,"",,,,,,10/2/2020 22:57
2020-10-03,laliga,Atl. Madrid,Villarreal,https://www.playnow.com/sports/sports/event/10209839/atletico-madrid-v-villarreal-cf,1.05,10,1.28,3.4,1.9,1.83,3.2,1.33,6,1.11,0,0,Over 2.5,1.9,0.5,18,0.11785113,0.105,10/2/2020 22:56
2020-10-01,laliga,Sevilla,Levante,https://www.playnow.com/sports/sports/event/10204254/sevilla-fc-v-levante-ud,1.03,15,1.2,4.25,1.62,2.2,2.55,1.47,4.5,1.18,0,0,Over 2.5,1.62,0.583333333,12,0.142318761,2.776315789,9/30/2020 9:46
2020-10-01,laliga,Celta Vigo,Barcelona,https://www.playnow.com/sports/sports/event/10204258/rc-celta-de-vigo-v-fc-barcelona,1.02,15,1.18,4.5,1.6,2.25,2.45,1.5,4.25,1.2,0,0,Over 2.5,1.6,0.652173913,23,0.099311346,2.391304348,9/30/2020 9:46
2020-10-01,laliga,Ath Bilbao,Cadiz CF,https://www.playnow.com/sports/sports/event/10204257/athletic-bilbao-v-cadiz-cf,1.1,6.5,1.5,2.45,2.5,1.5,4.75,1.16,9,1.04,0,0,Under 2.5,1.5,0.4,5,0.219089023,2.8,9/30/2020 9:45
2020-09-30,laliga,Villarreal,Alaves,https://www.playnow.com/sports/sports/event/10204252/villarreal-cf-v-deportivo-alaves,1.05,11,1.28,3.5,1.87,1.87,3.2,1.33,5.75,1.11,0,0,Over 2.5,1.87,0.444444444,9,0.165634665,8.991452991,9/30/2020 9:44
2020-09-30,laliga,Real Madrid,Valladolid,https://www.playnow.com/sports/sports/event/10204256/real-madrid-v-real-valladolid,0,0,1.16,4.75,1.53,2.35,2.35,1.53,4,1.22,7,1.08,Under 3.5,1.53,0.428571429,21,0.107989849,2.860182371,9/30/2020 9:44
2020-09-30,laliga,Huesca,Atl. Madrid,https://www.playnow.com/sports/sports/event/10204255/sd-huesca-v-atletico-madrid,1.07,8,1.38,2.9,2.15,1.67,3.9,1.22,7.5,1.07,0,0,Under 2.5,1.67,0,1,0,6.060606061,9/30/2020 9:31
2020-09-30,laliga,Eibar,Elche,https://www.playnow.com/sports/sports/event/10204253/sd-eibar-v-elche-cf,1.08,7.5,1.44,2.7,2.3,1.57,4.25,1.2,8,1.06,0,0,Under 1.5,2.7,1,1,0,1,9/30/2020 9:45
