"Time","H.team.1","A.team.1","H.team.2","A.team.2","Choose.1","Choose.2","Odd.1","Odd.2","joint.odds","result.mat"
2008-08-16,"Arsenal","West Brom","Bolton","Stoke","A","D","13.23","3.33",44.0559,0
2008-08-16,"Arsenal","West Brom","Bolton","Stoke","A","A","13.23","4.43",58.6089,0
2008-08-16,"Arsenal","West Brom","Everton","Blackburn","A","D","13.23","3.26",43.1298,0
2008-08-16,"Arsenal","West Brom","Everton","Blackburn","A","A","13.23","3.83",50.6709,0
2008-08-16,"Arsenal","West Brom","Hull City","Fulham","A","D","13.23","3.21",42.4683,0
2008-08-16,"Arsenal","West Brom","Middlesbrough","Tottenham","A","H","13.23","3.08",40.7484,0
2008-08-16,"Arsenal","West Brom","Middlesbrough","Tottenham","A","D","13.23","3.27",43.2621,0
2008-08-16,"Arsenal","West Brom","Sunderland","Liverpool","A","H","13.23","5.23",69.1929,0
2008-08-16,"Arsenal","West Brom","Sunderland","Liverpool","A","D","13.23","3.45",45.6435,0
2008-08-16,"Arsenal","West Brom","West Ham","Wigan","A","D","13.23","3.28",43.3944,0
2008-08-16,"Arsenal","West Brom","West Ham","Wigan","A","A","13.23","3.86",51.0678,0
2008-08-17,"Aston Villa","Manchester City","Chelsea","Portsmouth","A","A","4.53","9.32",42.2196,0
2008-08-17,"Aston Villa","Manchester City","Manchester United","Newcastle","A","A","4.53","10.02",45.3906,0
2008-08-17,"Chelsea","Portsmouth","Manchester United","Newcastle","A","D","9.32","4.85",45.202,0
2008-08-17,"Chelsea","Portsmouth","Manchester United","Newcastle","D","A","4.61","10.02",46.1922,0
2008-08-23,"Blackburn","Hull City","Liverpool","Middlesbrough","A","A","6.09","8.56",52.1304,0
2008-08-23,"Blackburn","Hull City","Tottenham","Sunderland","A","A","6.09","6.87",41.8383,0
2008-08-23,"Fulham","Arsenal","Liverpool","Middlesbrough","H","A","6.15","8.56",52.644,0
2008-08-23,"Fulham","Arsenal","Tottenham","Sunderland","H","A","6.15","6.87",42.2505,0
2008-08-23,"Liverpool","Middlesbrough","Stoke","Aston Villa","A","H","8.56","4.79",41.0024,0
2008-08-23,"Liverpool","Middlesbrough","Tottenham","Sunderland","A","A","8.56","6.87",58.8072,0
2008-08-30,"Arsenal","Newcastle","Middlesbrough","Stoke","A","A","8.6","6.35",54.61,0
2008-09-20,"Blackburn","Fulham","Liverpool","Stoke","D","A","3.27","14.45",47.2515,0
2008-09-20,"Blackburn","Fulham","Liverpool","Stoke","A","A","3.54","14.45",51.153,0
2008-09-20,"Bolton","Arsenal","Liverpool","Stoke","D","A","3.61","14.45",52.1645,0
2008-09-20,"Liverpool","Stoke","Sunderland","Middlesbrough","A","D","14.45","3.2",46.24,0
2008-09-20,"Liverpool","Stoke","Sunderland","Middlesbrough","A","A","14.45","3.02",43.639,0
2008-09-20,"Liverpool","Stoke","West Ham","Newcastle","A","D","14.45","3.38",48.841,0
2008-09-20,"Liverpool","Stoke","West Ham","Newcastle","A","A","14.45","3.94",56.933,0
2008-09-27,"Arsenal","Hull City","Aston Villa","Sunderland","A","D","18","3.67",66.06,0
2008-09-27,"Arsenal","Hull City","Everton","Liverpool","A","H","18","3.7",66.6,1
2008-09-27,"Arsenal","Hull City","Everton","Liverpool","A","D","18","3.22",57.96,0
2008-09-27,"Arsenal","Hull City","Fulham","West Ham","A","H","18","2.23",40.14,1
2008-09-27,"Arsenal","Hull City","Fulham","West Ham","A","D","18","3.25",58.5,0
2008-09-27,"Arsenal","Hull City","Fulham","West Ham","A","A","18","3.15",56.7,0
2008-09-27,"Arsenal","Hull City","Middlesbrough","West Brom","A","D","18","3.39",61.02,0
2008-09-27,"Arsenal","Hull City","Newcastle","Blackburn","A","H","18","2.53",45.54,1
2008-09-27,"Arsenal","Hull City","Newcastle","Blackburn","A","D","18","3.24",58.32,0
2008-09-27,"Arsenal","Hull City","Newcastle","Blackburn","A","A","18","2.73",49.14,0
2008-09-27,"Arsenal","Hull City","Stoke","Chelsea","D","H","6.23","9.53",59.3719,0
2008-09-27,"Aston Villa","Sunderland","Manchester United","Bolton","D","A","3.67","16.4",60.188,0
2008-09-27,"Aston Villa","Sunderland","Stoke","Chelsea","A","H","6.19","9.53",58.9907,1
2008-09-27,"Everton","Liverpool","Manchester United","Bolton","H","A","3.7","16.4",60.68,0
2008-09-27,"Everton","Liverpool","Manchester United","Bolton","D","A","3.22","16.4",52.808,0
2008-09-27,"Fulham","West Ham","Manchester United","Bolton","D","A","3.25","16.4",53.3,0
2008-09-27,"Fulham","West Ham","Manchester United","Bolton","A","A","3.15","16.4",51.66,0
2008-09-27,"Manchester United","Bolton","Middlesbrough","West Brom","A","D","16.4","3.39",55.596,0
2008-09-27,"Manchester United","Bolton","Newcastle","Blackburn","A","H","16.4","2.53",41.492,1
2008-09-27,"Manchester United","Bolton","Newcastle","Blackburn","A","D","16.4","3.24",53.136,0
2008-09-27,"Manchester United","Bolton","Newcastle","Blackburn","A","A","16.4","2.73",44.772,0
2008-09-27,"Manchester United","Bolton","Stoke","Chelsea","D","H","5.89","9.53",56.1317,0
2008-09-27,"Manchester United","Bolton","Stoke","Chelsea","A","D","16.4","4.51",73.964,0
2008-09-27,"Middlesbrough","West Brom","Stoke","Chelsea","A","H","4.86","9.53",46.3158,1
2008-10-04,"Blackburn","Manchester United","Sunderland","Arsenal","H","H","6.42","6.28",40.3176,0
2008-10-18,"Arsenal","Everton","Aston Villa","Portsmouth","A","A","9.04","4.71",42.5784,0
2008-10-18,"Arsenal","Everton","Liverpool","Wigan","A","A","9.04","8.33",75.3032,0
2008-10-18,"Arsenal","Everton","Manchester United","West Brom","A","D","9.04","6.3",56.952,0
2008-10-18,"Arsenal","Everton","Manchester United","West Brom","D","A","4.52","16.33",73.8116,0
2008-10-18,"Arsenal","Everton","Middlesbrough","Chelsea","A","H","9.04","5.98",54.0592,0
2008-10-18,"Aston Villa","Portsmouth","Liverpool","Wigan","A","A","4.71","8.33",39.2343,0
2008-10-18,"Aston Villa","Portsmouth","Manchester United","West Brom","D","A","3.46","16.33",56.5018,0
2008-10-18,"Aston Villa","Portsmouth","Manchester United","West Brom","A","A","4.71","16.33",76.9143,0
2008-10-18,"Bolton","Blackburn","Manchester United","West Brom","D","A","3.21","16.33",52.4193,0
2008-10-18,"Bolton","Blackburn","Manchester United","West Brom","A","A","3.08","16.33",50.2964,0
2008-10-18,"Fulham","Sunderland","Manchester United","West Brom","D","A","3.23","16.33",52.7459,0
2008-10-18,"Fulham","Sunderland","Manchester United","West Brom","A","A","3.23","16.33",52.7459,0
2008-10-18,"Liverpool","Wigan","Manchester United","West Brom","A","D","8.33","6.3",52.479,0
2008-10-18,"Liverpool","Wigan","Manchester United","West Brom","D","A","4.17","16.33",68.0961,0
2008-10-18,"Liverpool","Wigan","Middlesbrough","Chelsea","A","H","8.33","5.98",49.8134,0
2008-10-18,"Manchester United","West Brom","Middlesbrough","Chelsea","A","D","16.33","3.59",58.6247,0
2008-10-26,"Manchester City","Stoke","West Ham","Arsenal","A","H","7.26","5.94",43.1244,1
2008-10-29,"Arsenal","Tottenham","Aston Villa","Blackburn","A","A","7.66","5.5",42.13,0
2008-10-29,"Arsenal","Tottenham","Hull City","Chelsea","A","H","7.66","7.76",59.4416,0
2008-10-29,"Arsenal","Tottenham","Liverpool","Portsmouth","A","A","7.66","9.55",73.153,0
2008-10-29,"Arsenal","Tottenham","Manchester United","West Ham","A","D","7.66","5.94",45.5004,0
2008-10-29,"Arsenal","Tottenham","Manchester United","West Ham","D","A","4.06","15.02",60.9812,0
2008-10-29,"Aston Villa","Blackburn","Hull City","Chelsea","A","H","5.5","7.76",42.68,0
2008-10-29,"Aston Villa","Blackburn","Liverpool","Portsmouth","A","A","5.5","9.55",52.525,0
2008-10-29,"Aston Villa","Blackburn","Manchester United","West Ham","D","A","3.52","15.02",52.8704,0
2008-10-29,"Bolton","Everton","Manchester United","West Ham","H","A","2.75","15.02",41.305,0
2008-10-29,"Bolton","Everton","Manchester United","West Ham","D","A","3.23","15.02",48.5146,0
2008-10-29,"Fulham","Wigan","Manchester United","West Ham","D","A","3.22","15.02",48.3644,0
2008-10-29,"Fulham","Wigan","Manchester United","West Ham","A","A","2.94","15.02",44.1588,0
2008-10-29,"Hull City","Chelsea","Liverpool","Portsmouth","H","A","7.76","9.55",74.108,0
2008-10-29,"Hull City","Chelsea","Liverpool","Portsmouth","D","A","4.17","9.55",39.8235,0
2008-10-29,"Hull City","Chelsea","Manchester United","West Ham","H","D","7.76","5.94",46.0944,0
2008-10-29,"Hull City","Chelsea","Manchester United","West Ham","D","A","4.17","15.02",62.6334,0
2008-10-29,"Liverpool","Portsmouth","Manchester United","West Ham","A","D","9.55","5.94",56.727,0
2008-10-29,"Liverpool","Portsmouth","Manchester United","West Ham","D","A","4.33","15.02",65.0366,0
2008-10-29,"Manchester United","West Ham","Middlesbrough","Manchester City","A","H","15.02","2.81",42.2062,0
2008-10-29,"Manchester United","West Ham","Middlesbrough","Manchester City","A","D","15.02","3.23",48.5146,0
2008-10-29,"Manchester United","West Ham","Stoke","Sunderland","A","H","15.02","2.65",39.803,0
2008-10-29,"Manchester United","West Ham","Stoke","Sunderland","A","D","15.02","3.19",47.9138,0
2008-10-29,"Manchester United","West Ham","Stoke","Sunderland","A","A","15.02","2.64",39.6528,0
2008-11-01,"Chelsea","Sunderland","Everton","Fulham","A","D","15.42","3.38",52.1196,0
2008-11-01,"Chelsea","Sunderland","Manchester United","Hull City","D","D","6.17","6.63",40.9071,0
2008-11-01,"Chelsea","Sunderland","Middlesbrough","West Ham","A","D","15.42","3.34",51.5028,0
2008-11-01,"Chelsea","Sunderland","Middlesbrough","West Ham","A","A","15.42","4.25",65.535,0
2008-11-01,"Chelsea","Sunderland","Portsmouth","Wigan","A","D","15.42","3.32",51.1944,0
2008-11-01,"Chelsea","Sunderland","Portsmouth","Wigan","A","A","15.42","4.03",62.1426,0
2008-11-01,"Chelsea","Sunderland","Stoke","Arsenal","D","H","6.17","8.15",50.2855,0
2008-11-01,"Chelsea","Sunderland","Stoke","Arsenal","A","D","15.42","4.32",66.6144,0
2008-11-01,"Chelsea","Sunderland","Tottenham","Liverpool","A","H","15.42","3.66",56.4372,0
2008-11-01,"Chelsea","Sunderland","Tottenham","Liverpool","A","D","15.42","3.32",51.1944,0
2008-11-01,"Chelsea","Sunderland","West Brom","Blackburn","A","D","15.42","3.26",50.2692,0
2008-11-01,"Chelsea","Sunderland","West Brom","Blackburn","A","A","15.42","2.8",43.176,0
2008-11-01,"Everton","Fulham","Manchester United","Hull City","D","A","3.38","16.74",56.5812,0
2008-11-01,"Everton","Fulham","Stoke","Arsenal","A","H","5.3","8.15",43.195,0
2008-11-01,"Manchester United","Hull City","Middlesbrough","West Ham","A","D","16.74","3.34",55.9116,0
2008-11-01,"Manchester United","Hull City","Middlesbrough","West Ham","A","A","16.74","4.25",71.145,0
2008-11-01,"Manchester United","Hull City","Portsmouth","Wigan","A","D","16.74","3.32",55.5768,0
2008-11-01,"Manchester United","Hull City","Portsmouth","Wigan","A","A","16.74","4.03",67.4622,0
2008-11-01,"Manchester United","Hull City","Stoke","Arsenal","D","H","6.63","8.15",54.0345,0
2008-11-01,"Manchester United","Hull City","Stoke","Arsenal","A","D","16.74","4.32",72.3168,0
2008-11-01,"Manchester United","Hull City","Tottenham","Liverpool","A","H","16.74","3.66",61.2684,0
2008-11-01,"Manchester United","Hull City","Tottenham","Liverpool","A","D","16.74","3.32",55.5768,0
2008-11-01,"Manchester United","Hull City","West Brom","Blackburn","A","H","16.74","2.48",41.5152,0
2008-11-01,"Manchester United","Hull City","West Brom","Blackburn","A","D","16.74","3.26",54.5724,0
2008-11-01,"Manchester United","Hull City","West Brom","Blackburn","A","A","16.74","2.8",46.872,0
2008-11-08,"Arsenal","Manchester United","Liverpool","West Brom","H","A","3.24","14.72",47.6928,1
2008-11-08,"Arsenal","Manchester United","Liverpool","West Brom","D","A","3.18","14.72",46.8096,0
2008-11-08,"Hull City","Bolton","Liverpool","West Brom","D","A","3.15","14.72",46.368,0
2008-11-08,"Hull City","Bolton","Liverpool","West Brom","A","A","3.39","14.72",49.9008,0
2008-11-08,"Liverpool","West Brom","Sunderland","Portsmouth","A","D","14.72","3.1",45.632,0
2008-11-08,"Liverpool","West Brom","Sunderland","Portsmouth","A","A","14.72","3.08",45.3376,0
2008-11-08,"Liverpool","West Brom","West Ham","Everton","A","D","14.72","3.14",46.2208,0
2008-11-08,"Liverpool","West Brom","West Ham","Everton","A","A","14.72","2.8",41.216,0
2008-11-08,"Liverpool","West Brom","Wigan","Stoke","A","D","14.72","3.21",47.2512,0
2008-11-08,"Liverpool","West Brom","Wigan","Stoke","A","A","14.72","4.84",71.2448,0
2008-11-15,"Arsenal","Aston Villa","Bolton","Liverpool","A","H","6.92","5.69",39.3748,0
2008-11-15,"Arsenal","Aston Villa","Manchester United","Stoke","A","D","6.92","7.4",51.208,0
2008-11-15,"Arsenal","Aston Villa","Manchester United","Stoke","D","A","3.72","18.36",68.2992,0
2008-11-15,"Arsenal","Aston Villa","West Brom","Chelsea","D","H","3.72","10.69",39.7668,0
2008-11-15,"Arsenal","Aston Villa","West Brom","Chelsea","A","H","6.92","10.69",73.9748,0
2008-11-15,"Blackburn","Sunderland","Manchester United","Stoke","D","A","3.33","18.36",61.1388,0
2008-11-15,"Blackburn","Sunderland","Manchester United","Stoke","A","A","3.81","18.36",69.9516,1
2008-11-15,"Blackburn","Sunderland","West Brom","Chelsea","A","H","3.81","10.69",40.7289,0
2008-11-15,"Bolton","Liverpool","Manchester United","Stoke","H","D","5.69","7.4",42.106,0
2008-11-15,"Bolton","Liverpool","Manchester United","Stoke","D","A","3.52","18.36",64.6272,0
2008-11-15,"Bolton","Liverpool","West Brom","Chelsea","H","H","5.69","10.69",60.8261,0
2008-11-15,"Fulham","Tottenham","Manchester United","Stoke","H","A","3.14","18.36",57.6504,0
2008-11-15,"Fulham","Tottenham","Manchester United","Stoke","D","A","3.24","18.36",59.4864,0
2008-11-15,"Fulham","Tottenham","Manchester United","Stoke","A","A","2.26","18.36",41.4936,1
2008-11-15,"Manchester United","Stoke","Newcastle","Wigan","A","D","18.36","3.31",60.7716,0
2008-11-15,"Manchester United","Stoke","Newcastle","Wigan","A","A","18.36","3.67",67.3812,1
2008-11-15,"Manchester United","Stoke","West Ham","Portsmouth","A","H","18.36","2.32",42.5952,0
2008-11-15,"Manchester United","Stoke","West Ham","Portsmouth","A","D","18.36","3.25",59.67,0
2008-11-15,"Manchester United","Stoke","West Ham","Portsmouth","A","A","18.36","3.03",55.6308,1
2008-11-15,"Newcastle","Wigan","West Brom","Chelsea","A","H","3.67","10.69",39.2323,0
2008-11-22,"Aston Villa","Manchester United","Chelsea","Newcastle","H","A","4.74","14.54",68.9196,0
2008-11-22,"Aston Villa","Manchester United","Chelsea","Newcastle","D","A","3.33","14.54",48.4182,0
2008-11-22,"Aston Villa","Manchester United","Liverpool","Fulham","H","A","4.74","10.31",48.8694,0
2008-11-22,"Chelsea","Newcastle","Liverpool","Fulham","A","D","14.54","4.46",64.8484,0
2008-11-22,"Chelsea","Newcastle","Liverpool","Fulham","D","A","5.16","10.31",53.1996,0
2008-11-22,"Chelsea","Newcastle","Manchester City","Arsenal","A","H","14.54","3.13",45.5102,0
2008-11-22,"Chelsea","Newcastle","Manchester City","Arsenal","A","D","14.54","3.21",46.6734,0
2008-11-22,"Chelsea","Newcastle","Middlesbrough","Bolton","A","D","14.54","3.32",48.2728,0
2008-11-22,"Chelsea","Newcastle","Middlesbrough","Bolton","A","A","14.54","3.94",57.2876,0
2008-11-22,"Chelsea","Newcastle","Portsmouth","Hull City","A","D","14.54","3.32",48.2728,0
2008-11-22,"Chelsea","Newcastle","Portsmouth","Hull City","A","A","14.54","4.09",59.4686,0
2008-11-22,"Chelsea","Newcastle","Stoke","West Brom","A","D","14.54","3.21",46.6734,0
2008-11-22,"Chelsea","Newcastle","Stoke","West Brom","A","A","14.54","3.11",45.2194,0
2008-11-22,"Liverpool","Fulham","Middlesbrough","Bolton","A","A","10.31","3.94",40.6214,0
2008-11-22,"Liverpool","Fulham","Portsmouth","Hull City","A","A","10.31","4.09",42.1679,0
2008-12-06,"Arsenal","Wigan","Blackburn","Liverpool","A","H","10.01","5.13",51.3513,0
2008-12-06,"Arsenal","Wigan","Bolton","Chelsea","A","H","10.01","6.56",65.6656,0
2008-12-06,"Arsenal","Wigan","Manchester United","Sunderland","A","D","10.01","6.87",68.7687,0
2008-12-06,"Arsenal","Wigan","Newcastle","Stoke","A","A","10.01","4.81",48.1481,0
2008-12-06,"Blackburn","Liverpool","Manchester United","Sunderland","D","A","3.34","18.31",61.1554,0
2008-12-06,"Bolton","Chelsea","Manchester United","Sunderland","H","D","6.56","6.87",45.0672,0
2008-12-06,"Bolton","Chelsea","Manchester United","Sunderland","D","A","3.73","18.31",68.2963,0
2008-12-06,"Fulham","Manchester City","Manchester United","Sunderland","H","A","2.5","18.31",45.775,1
2008-12-06,"Fulham","Manchester City","Manchester United","Sunderland","D","A","3.07","18.31",56.2117,0
2008-12-06,"Fulham","Manchester City","Manchester United","Sunderland","A","A","3.08","18.31",56.3948,0
2008-12-06,"Hull City","Middlesbrough","Manchester United","Sunderland","H","A","2.39","18.31",43.7609,1
2008-12-06,"Hull City","Middlesbrough","Manchester United","Sunderland","D","A","3.22","18.31",58.9582,0
2008-12-06,"Hull City","Middlesbrough","Manchester United","Sunderland","A","A","2.94","18.31",53.8314,0
2008-12-06,"Manchester United","Sunderland","Newcastle","Stoke","A","D","18.31","3.49",63.9019,0
2008-12-13,"Aston Villa","Bolton","Liverpool","Hull City","A","A","5.14","9.52",48.9328,0
2008-12-13,"Liverpool","Hull City","Middlesbrough","Arsenal","A","H","9.52","4.67",44.4584,0
2008-12-13,"Liverpool","Hull City","Tottenham","Manchester United","A","H","9.52","4.39",41.7928,0
2008-12-14,"Chelsea","West Ham","Portsmouth","Newcastle","A","D","13.33","3.18",42.3894,0
2008-12-14,"Chelsea","West Ham","Portsmouth","Newcastle","A","A","13.33","3.6",47.988,0
2008-12-26,"Aston Villa","Arsenal","Chelsea","West Brom","H","A","2.51","17.62",44.2262,0
2008-12-26,"Aston Villa","Arsenal","Chelsea","West Brom","D","A","3.23","17.62",56.9126,0
2008-12-26,"Aston Villa","Arsenal","Chelsea","West Brom","A","A","2.79","17.62",49.1598,0
2008-12-26,"Chelsea","West Brom","Liverpool","Bolton","A","D","17.62","4.38",77.1756,0
2008-12-26,"Chelsea","West Brom","Liverpool","Bolton","D","A","6.77","9.2",62.284,0
2008-12-26,"Chelsea","West Brom","Manchester City","Hull City","A","D","17.62","3.58",63.0796,0
2008-12-26,"Chelsea","West Brom","Middlesbrough","Everton","A","H","17.62","2.59",45.6358,0
2008-12-26,"Chelsea","West Brom","Middlesbrough","Everton","A","D","17.62","3.22",56.7364,0
2008-12-26,"Chelsea","West Brom","Middlesbrough","Everton","A","A","17.62","2.71",47.7502,0
2008-12-26,"Chelsea","West Brom","Portsmouth","West Ham","A","D","17.62","3.26",57.4412,0
2008-12-26,"Chelsea","West Brom","Portsmouth","West Ham","A","A","17.62","3.22",56.7364,0
2008-12-26,"Chelsea","West Brom","Stoke","Manchester United","D","H","6.77","10.91",73.8607,1
2008-12-26,"Chelsea","West Brom","Sunderland","Blackburn","A","H","17.62","2.26",39.8212,0
2008-12-26,"Chelsea","West Brom","Sunderland","Blackburn","A","D","17.62","3.24",57.0888,0
2008-12-26,"Chelsea","West Brom","Sunderland","Blackburn","A","A","17.62","3.19",56.2078,0
2008-12-26,"Chelsea","West Brom","Tottenham","Fulham","A","D","17.62","3.45",60.789,0
2008-12-26,"Chelsea","West Brom","Wigan","Newcastle","A","D","17.62","3.31",58.3222,0
2008-12-26,"Chelsea","West Brom","Wigan","Newcastle","A","A","17.62","3.27",57.6174,0
2008-12-26,"Liverpool","Bolton","Manchester City","Hull City","A","A","9.2","4.6",42.32,0
2008-12-26,"Liverpool","Bolton","Stoke","Manchester United","D","H","4.38","10.91",47.7858,1
2008-12-26,"Liverpool","Bolton","Stoke","Manchester United","A","D","9.2","4.85",44.62,0
2008-12-26,"Liverpool","Bolton","Tottenham","Fulham","A","A","9.2","4.69",43.148,0
2008-12-26,"Manchester City","Hull City","Stoke","Manchester United","A","H","4.6","10.91",50.186,0
2008-12-26,"Stoke","Manchester United","Tottenham","Fulham","H","A","10.91","4.69",51.1679,0
2008-12-28,"Arsenal","Portsmouth","Everton","Sunderland","A","A","9.7","4.87",47.239,0
2008-12-28,"Arsenal","Portsmouth","Fulham","Chelsea","A","H","9.7","6.42",62.274,0
2008-12-28,"Arsenal","Portsmouth","Newcastle","Liverpool","A","H","9.7","4.85",47.045,0
2008-12-28,"Arsenal","Portsmouth","West Ham","Stoke","A","A","9.7","5.03",48.791,0
2009-01-10,"Arsenal","Bolton","Aston Villa","West Brom","A","D","10.05","3.98",39.999,0
2009-01-10,"Arsenal","Bolton","Aston Villa","West Brom","A","A","10.05","7.51",75.4755,0
2009-01-10,"Arsenal","Bolton","Everton","Hull City","A","A","10.05","6.29",63.2145,0
2009-01-10,"Arsenal","Bolton","Stoke","Liverpool","D","H","4.57","8.87",40.5359,0
2009-01-10,"Arsenal","Bolton","Stoke","Liverpool","A","D","10.05","4.39",44.1195,0
2009-01-10,"Aston Villa","West Brom","Everton","Hull City","A","A","7.51","6.29",47.2379,0
2009-01-10,"Aston Villa","West Brom","Stoke","Liverpool","A","H","7.51","8.87",66.6137,0
2009-01-10,"Everton","Hull City","Stoke","Liverpool","A","H","6.29","8.87",55.7923,0
2009-01-17,"Blackburn","Newcastle","Chelsea","Stoke","D","A","3.45","15.35",52.9575,0
2009-01-17,"Blackburn","Newcastle","Chelsea","Stoke","A","A","4.39","15.35",67.3865,0
2009-01-17,"Bolton","Manchester United","Chelsea","Stoke","H","D","8.36","6.13",51.2468,0
2009-01-17,"Bolton","Manchester United","Chelsea","Stoke","D","A","3.89","15.35",59.7115,0
2009-01-17,"Bolton","Manchester United","Hull City","Arsenal","H","H","8.36","5.76",48.1536,0
2009-01-17,"Chelsea","Stoke","Hull City","Arsenal","A","D","15.35","3.7",56.795,0
2009-01-17,"Chelsea","Stoke","Manchester City","Wigan","A","D","15.35","3.29",50.5015,0
2009-01-17,"Chelsea","Stoke","Manchester City","Wigan","A","A","15.35","3.48",53.418,0
2009-01-17,"Chelsea","Stoke","Sunderland","Aston Villa","A","H","15.35","3.19",48.9665,0
2009-01-17,"Chelsea","Stoke","Sunderland","Aston Villa","A","D","15.35","3.24",49.734,0
2009-01-17,"Chelsea","Stoke","West Brom","Middlesbrough","A","D","15.35","3.32",50.962,0
2009-01-17,"Chelsea","Stoke","West Brom","Middlesbrough","A","A","15.35","3.21",49.2735,0
2009-01-27,"Tottenham","Stoke","West Brom","Manchester United","A","H","6.3","9.37",59.031,1
2009-01-28,"Blackburn","Bolton","Chelsea","Middlesbrough","D","A","3.22","14.66",47.2052,0
2009-01-28,"Blackburn","Bolton","Chelsea","Middlesbrough","A","A","4.11","14.66",60.2526,0
2009-01-28,"Chelsea","Middlesbrough","Everton","Arsenal","A","H","14.66","2.9",42.514,0
2009-01-28,"Chelsea","Middlesbrough","Everton","Arsenal","A","D","14.66","3.19",46.7654,0
2009-01-28,"Chelsea","Middlesbrough","Manchester City","Newcastle","A","D","14.66","3.66",53.6556,0
2009-01-28,"Chelsea","Middlesbrough","West Ham","Hull City","A","D","14.66","3.49",51.1634,0
2009-01-28,"Chelsea","Middlesbrough","West Ham","Hull City","A","A","14.66","4.95",72.567,0
2009-01-28,"Chelsea","Middlesbrough","Wigan","Liverpool","A","H","14.66","5.2",76.232,0
2009-01-28,"Chelsea","Middlesbrough","Wigan","Liverpool","A","D","14.66","3.45",50.577,0
2009-01-31,"Arsenal","West Ham","Manchester United","Everton","D","A","4","9.95",39.8,0
2009-01-31,"Arsenal","West Ham","Manchester United","Everton","A","A","7.23","9.95",71.9385,0
2009-01-31,"Aston Villa","Wigan","Manchester United","Everton","A","A","5.25","9.95",52.2375,0
2009-01-31,"Fulham","Portsmouth","Manchester United","Everton","A","A","4.01","9.95",39.8995,0
2009-02-07,"Blackburn","Aston Villa","Chelsea","Hull City","H","A","2.82","14.69",41.4258,0
2009-02-07,"Blackburn","Aston Villa","Chelsea","Hull City","D","A","3.23","14.69",47.4487,0
2009-02-07,"Chelsea","Hull City","Everton","Bolton","A","D","14.69","3.4",49.946,1
2009-02-07,"Chelsea","Hull City","Everton","Bolton","A","A","14.69","5.17",75.9473,0
2009-02-07,"Chelsea","Hull City","Manchester City","Middlesbrough","A","D","14.69","3.66",53.7654,1
2009-02-07,"Chelsea","Hull City","Portsmouth","Liverpool","A","H","14.69","4.56",66.9864,0
2009-02-07,"Chelsea","Hull City","Portsmouth","Liverpool","A","D","14.69","3.29",48.3301,1
2009-02-07,"Chelsea","Hull City","Sunderland","Stoke","A","D","14.69","3.35",49.2115,1
2009-02-07,"Chelsea","Hull City","Sunderland","Stoke","A","A","14.69","4.67",68.6023,0
2009-02-07,"Chelsea","Hull City","West Brom","Newcastle","A","D","14.69","3.33",48.9177,1
2009-02-07,"Chelsea","Hull City","West Brom","Newcastle","A","A","14.69","3.5",51.415,0
2009-02-07,"Chelsea","Hull City","Wigan","Fulham","A","D","14.69","3.24",47.5956,1
2009-02-07,"Chelsea","Hull City","Wigan","Fulham","A","A","14.69","3.87",56.8503,0
2009-02-21,"Arsenal","Sunderland","Manchester United","Blackburn","A","D","9.94","5.36",53.2784,0
2009-02-21,"Arsenal","Sunderland","Manchester United","Blackburn","D","A","4.41","13.11",57.8151,1
2009-02-21,"Aston Villa","Chelsea","Manchester United","Blackburn","H","A","3.32","13.11",43.5252,0
2009-02-21,"Aston Villa","Chelsea","Manchester United","Blackburn","D","A","3.24","13.11",42.4764,1
2009-02-21,"Bolton","West Ham","Manchester United","Blackburn","D","A","3.25","13.11",42.6075,1
2009-02-21,"Bolton","West Ham","Manchester United","Blackburn","A","A","3.23","13.11",42.3453,0
2009-02-21,"Manchester United","Blackburn","Middlesbrough","Wigan","A","D","13.11","3.22",42.2142,0
2009-02-21,"Manchester United","Blackburn","Stoke","Portsmouth","A","D","13.11","3.2",41.952,0
2009-02-28,"Arsenal","Fulham","Chelsea","Wigan","A","D","8.6","4.65",39.99,0
2009-02-28,"Arsenal","Fulham","Chelsea","Wigan","D","A","4.1","11.75",48.175,0
2009-02-28,"Arsenal","Fulham","Everton","West Brom","A","A","8.6","7.68",66.048,0
2009-02-28,"Arsenal","Fulham","Middlesbrough","Liverpool","A","H","8.6","4.91",42.226,0
2009-02-28,"Chelsea","Wigan","Everton","West Brom","A","D","11.75","3.82",44.885,0
2009-02-28,"Chelsea","Wigan","Middlesbrough","Liverpool","A","H","11.75","4.91",57.6925,0
2009-02-28,"Chelsea","Wigan","Middlesbrough","Liverpool","A","D","11.75","3.37",39.5975,0
2009-03-03,"Liverpool","Sunderland","Portsmouth","Chelsea","A","H","8.52","6.6",56.232,0
2009-03-03,"Liverpool","Sunderland","West Brom","Arsenal","A","H","8.52","5.99",51.0348,0
2009-03-03,"Portsmouth","Chelsea","West Brom","Arsenal","H","H","6.6","5.99",39.534,0
2009-03-04,"Fulham","Hull City","Newcastle","Manchester United","A","H","5.4","8.67",46.818,0
2009-03-04,"Newcastle","Manchester United","Tottenham","Middlesbrough","H","A","8.67","5.04",43.6968,0
2009-03-14,"Arsenal","Blackburn","Everton","Stoke","A","A","8.19","7.48",61.2612,0
2009-03-22,"Liverpool","Aston Villa","Manchester City","Sunderland","A","A","7.53","5.87",44.2011,0
2009-04-04,"Arsenal","Manchester City","Fulham","Liverpool","A","H","6.81","5.87",39.9747,0
2009-04-05,"Everton","Wigan","Manchester United","Aston Villa","A","A","4.83","8.38",40.4754,0
2009-04-11,"Chelsea","Bolton","Liverpool","Blackburn","A","D","12.29","4.65",57.1485,0
2009-04-11,"Chelsea","Bolton","Liverpool","Blackburn","D","A","5.27","10.07",53.0689,0
2009-04-11,"Chelsea","Bolton","Middlesbrough","Hull City","A","D","12.29","3.29",40.4341,0
2009-04-11,"Chelsea","Bolton","Middlesbrough","Hull City","A","A","12.29","3.56",43.7524,0
2009-04-11,"Chelsea","Bolton","Portsmouth","West Brom","A","D","12.29","3.45",42.4005,0
2009-04-11,"Chelsea","Bolton","Portsmouth","West Brom","A","A","12.29","5.09",62.5561,0
2009-04-11,"Chelsea","Bolton","Stoke","Newcastle","A","D","12.29","3.24",39.8196,0
2009-04-11,"Chelsea","Bolton","Sunderland","Manchester United","D","H","5.27","7.43",39.1561,0
2009-04-11,"Chelsea","Bolton","Sunderland","Manchester United","A","D","12.29","3.94",48.4226,0
2009-04-11,"Chelsea","Bolton","Tottenham","West Ham","A","D","12.29","3.54",43.5066,0
2009-04-11,"Chelsea","Bolton","Tottenham","West Ham","A","A","12.29","5.41",66.4889,0
2009-04-11,"Chelsea","Bolton","Wigan","Arsenal","A","H","12.29","4.55",55.9195,0
2009-04-11,"Chelsea","Bolton","Wigan","Arsenal","A","D","12.29","3.36",41.2944,0
2009-04-11,"Liverpool","Blackburn","Portsmouth","West Brom","A","A","10.07","5.09",51.2563,0
2009-04-11,"Liverpool","Blackburn","Sunderland","Manchester United","A","H","10.07","7.43",74.8201,0
2009-04-11,"Liverpool","Blackburn","Sunderland","Manchester United","A","D","10.07","3.94",39.6758,0
2009-04-11,"Liverpool","Blackburn","Tottenham","West Ham","A","A","10.07","5.41",54.4787,0
2009-04-11,"Liverpool","Blackburn","Wigan","Arsenal","A","H","10.07","4.55",45.8185,0
2009-04-11,"Sunderland","Manchester United","Tottenham","West Ham","H","A","7.43","5.41",40.1963,0
2009-04-22,"Chelsea","Everton","Manchester United","Portsmouth","A","D","8.87","5.65",50.1155,0
2009-04-22,"Chelsea","Everton","Manchester United","Portsmouth","D","A","4.2","13.73",57.666,0
2009-04-25,"Everton","Manchester City","Hull City","Liverpool","A","H","4.66","9.2",42.872,0
2009-04-25,"Fulham","Stoke","Hull City","Liverpool","A","H","5.33","9.2",49.036,0
2009-04-25,"Fulham","Stoke","Manchester United","Tottenham","A","A","5.33","7.85",41.8405,0
2009-04-25,"Hull City","Liverpool","Manchester United","Tottenham","H","A","9.2","7.85",72.22,0
2009-04-25,"Hull City","Liverpool","West Ham","Chelsea","H","H","9.2","4.57",42.044,0
2009-05-02,"Chelsea","Fulham","Middlesbrough","Manchester United","A","H","8.07","6.37",51.4059,0
2009-05-02,"Chelsea","Fulham","Tottenham","West Brom","A","A","8.07","7.26",58.5882,0
2009-05-02,"Middlesbrough","Manchester United","Tottenham","West Brom","H","A","6.37","7.26",46.2462,0
2009-05-03,"Liverpool","Newcastle","Sunderland","Everton","A","D","13.45","3.22",43.309,0
2009-05-17,"Chelsea","Blackburn","West Brom","Liverpool","A","D","12.28","4.51",55.3828,0
2009-05-24,"Arsenal","Stoke","Blackburn","West Brom","A","A","9.86","4.09",40.3274,0
2009-05-24,"Arsenal","Stoke","Liverpool","Tottenham","A","D","9.86","4.19",41.3134,0
2009-05-24,"Arsenal","Stoke","Liverpool","Tottenham","A","A","9.86","7.25",71.485,0
2009-05-24,"Arsenal","Stoke","Manchester City","Bolton","A","A","9.86","4.83",47.6238,0
2009-05-24,"Arsenal","Stoke","Sunderland","Chelsea","A","H","9.86","4.74",46.7364,0
